﻿{
"items": [
{
"Seq": 1,
"Cust No": 1000000,
"High Payer": 42,
"Finder": 500,
"IC": "ICCY99000",
"Invoice No": "0100000",
"Invoice Amt": 2383.3568,
"Currency": "USD",
"Amt Paid": 46.1123,
"Trns Type/TC": 19,
"Translated Paid": 37407.7424,
"Dispute NO": "123501",
"PO NO": "452501",
"Bill of Landing": "123501",
"Requisition NO": "123501",
"Project NO": "123501"
},
{
"Seq": 2,
"Cust No": 1000001,
"High Payer": 18,
"Finder": 500,
"IC": "ICCY99000",
"Invoice No": "0100001",
"Invoice Amt": 3786.163,
"Currency": "USD",
"Amt Paid": 26.8627,
"Trns Type/TC": 29,
"Translated Paid": 41635.4165,
"Dispute NO": "123502",
"PO NO": "452502",
"Bill of Landing": "123502",
"Requisition NO": "123502",
"Project NO": "123502"
},
{
"Seq": 3,
"Cust No": 1000002,
"High Payer": 12,
"Finder": 500,
"IC": "ICCY99000",
"Invoice No": "0100002",
"Invoice Amt": 3677.8682,
"Currency": "USD",
"Amt Paid": 12.2017,
"Trns Type/TC": 29,
"Translated Paid": 14781.0647,
"Dispute NO": "123503",
"PO NO": "452503",
"Bill of Landing": "123503",
"Requisition NO": "123503",
"Project NO": "123503"
},
{
"Seq": 4,
"Cust No": 1000003,
"High Payer": 38,
"Finder": 500,
"IC": "ICCY99000",
"Invoice No": "0100003",
"Invoice Amt": 2000.7843,
"Currency": "USD",
"Amt Paid": 27.34,
"Trns Type/TC": 35,
"Translated Paid": 27718.8665,
"Dispute NO": "123504",
"PO NO": "452504",
"Bill of Landing": "123504",
"Requisition NO": "123504",
"Project NO": "123504"
},
{
"Seq": 5,
"Cust No": 1000004,
"High Payer": 13,
"Finder": 500,
"IC": "ICCY99000",
"Invoice No": "0100004",
"Invoice Amt": 5044.1935,
"Currency": "USD",
"Amt Paid": 44.7821,
"Trns Type/TC": 18,
"Translated Paid": 42433.274,
"Dispute NO": "123505",
"PO NO": "452505",
"Bill of Landing": "123505",
"Requisition NO": "123505",
"Project NO": "123505"
},
{
"Seq": 6,
"Cust No": 1000005,
"High Payer": 35,
"Finder": 500,
"IC": "ICCY99000",
"Invoice No": "0100005",
"Invoice Amt": 2688.3807,
"Currency": "USD",
"Amt Paid": 46.9503,
"Trns Type/TC": 2,
"Translated Paid": 13050.8879,
"Dispute NO": "123506",
"PO NO": "452506",
"Bill of Landing": "123506",
"Requisition NO": "123506",
"Project NO": "123506"
},
{
"Seq": 7,
"Cust No": 1000006,
"High Payer": 17,
"Finder": 500,
"IC": "ICCY99000",
"Invoice No": "0100006",
"Invoice Amt": 4561.0293,
"Currency": "USD",
"Amt Paid": 32.0133,
"Trns Type/TC": 27,
"Translated Paid": 41505.0792,
"Dispute NO": "123507",
"PO NO": "452507",
"Bill of Landing": "123507",
"Requisition NO": "123507",
"Project NO": "123507"
},
{
"Seq": 8,
"Cust No": 1000007,
"High Payer": 46,
"Finder": 500,
"IC": "ICCY99000",
"Invoice No": "0100007",
"Invoice Amt": 1800.7298,
"Currency": "USD",
"Amt Paid": 13.5575,
"Trns Type/TC": 28,
"Translated Paid": 46861.5925,
"Dispute NO": "123508",
"PO NO": "452508",
"Bill of Landing": "123508",
"Requisition NO": "123508",
"Project NO": "123508"
},
{
"Seq": 9,
"Cust No": 1000008,
"High Payer": 38,
"Finder": 500,
"IC": "ICCY99000",
"Invoice No": "0100008",
"Invoice Amt": 1835.7671,
"Currency": "USD",
"Amt Paid": 28.6411,
"Trns Type/TC": 1,
"Translated Paid": 41782.764,
"Dispute NO": "123509",
"PO NO": "452509",
"Bill of Landing": "123509",
"Requisition NO": "123509",
"Project NO": "123509"
},
{
"Seq": 10,
"Cust No": 1000009,
"High Payer": 37,
"Finder": 500,
"IC": "ICCY99000",
"Invoice No": "0100009",
"Invoice Amt": 5042.0429,
"Currency": "USD",
"Amt Paid": 12.5145,
"Trns Type/TC": 42,
"Translated Paid": 34500.0667,
"Dispute NO": "123510",
"PO NO": "452510",
"Bill of Landing": "123510",
"Requisition NO": "123510",
"Project NO": "123510"
},
{
"Seq": 11,
"Cust No": 1000010,
"High Payer": 15,
"Finder": 500,
"IC": "ICCY99000",
"Invoice No": "0100010",
"Invoice Amt": 5114.2627,
"Currency": "USD",
"Amt Paid": 42.5883,
"Trns Type/TC": 18,
"Translated Paid": 16446.1286,
"Dispute NO": "123511",
"PO NO": "452511",
"Bill of Landing": "123511",
"Requisition NO": "123511",
"Project NO": "123511"
},
{
"Seq": 12,
"Cust No": 1000011,
"High Payer": 17,
"Finder": 500,
"IC": "ICCY99000",
"Invoice No": "0100011",
"Invoice Amt": 2326.8417,
"Currency": "USD",
"Amt Paid": 16.7414,
"Trns Type/TC": 15,
"Translated Paid": 26134.4363,
"Dispute NO": "123512",
"PO NO": "452512",
"Bill of Landing": "123512",
"Requisition NO": "123512",
"Project NO": "123512"
},
{
"Seq": 13,
"Cust No": 1000012,
"High Payer": 48,
"Finder": 500,
"IC": "ICCY99000",
"Invoice No": "0100012",
"Invoice Amt": 4350.464,
"Currency": "USD",
"Amt Paid": 23.1655,
"Trns Type/TC": 20,
"Translated Paid": 18530.0044,
"Dispute NO": "123513",
"PO NO": "452513",
"Bill of Landing": "123513",
"Requisition NO": "123513",
"Project NO": "123513"
},
{
"Seq": 14,
"Cust No": 1000013,
"High Payer": 6,
"Finder": 500,
"IC": "ICCY99000",
"Invoice No": "0100013",
"Invoice Amt": 4017.9664,
"Currency": "USD",
"Amt Paid": 23.2022,
"Trns Type/TC": 48,
"Translated Paid": 28572.2519,
"Dispute NO": "123514",
"PO NO": "452514",
"Bill of Landing": "123514",
"Requisition NO": "123514",
"Project NO": "123514"
},
{
"Seq": 15,
"Cust No": 1000014,
"High Payer": 11,
"Finder": 500,
"IC": "ICCY99000",
"Invoice No": "0100014",
"Invoice Amt": 1960.7239,
"Currency": "USD",
"Amt Paid": 16.5939,
"Trns Type/TC": 6,
"Translated Paid": 4182.3334,
"Dispute NO": "123515",
"PO NO": "452515",
"Bill of Landing": "123515",
"Requisition NO": "123515",
"Project NO": "123515"
},
{
"Seq": 16,
"Cust No": 1000015,
"High Payer": 11,
"Finder": 500,
"IC": "ICCY99000",
"Invoice No": "0100015",
"Invoice Amt": 5042.7043,
"Currency": "USD",
"Amt Paid": 33.0702,
"Trns Type/TC": 49,
"Translated Paid": 16719.8411,
"Dispute NO": "123516",
"PO NO": "452516",
"Bill of Landing": "123516",
"Requisition NO": "123516",
"Project NO": "123516"
},
{
"Seq": 17,
"Cust No": 1000016,
"High Payer": 5,
"Finder": 500,
"IC": "ICCY99000",
"Invoice No": "0100016",
"Invoice Amt": 1275.8225,
"Currency": "USD",
"Amt Paid": 7.9824,
"Trns Type/TC": 43,
"Translated Paid": 24869.3383,
"Dispute NO": "123517",
"PO NO": "452517",
"Bill of Landing": "123517",
"Requisition NO": "123517",
"Project NO": "123517"
},
{
"Seq": 18,
"Cust No": 1000017,
"High Payer": 29,
"Finder": 500,
"IC": "ICCY99000",
"Invoice No": "0100017",
"Invoice Amt": 4927.9861,
"Currency": "USD",
"Amt Paid": 45.3474,
"Trns Type/TC": 2,
"Translated Paid": 23430.0957,
"Dispute NO": "123518",
"PO NO": "452518",
"Bill of Landing": "123518",
"Requisition NO": "123518",
"Project NO": "123518"
},
{
"Seq": 19,
"Cust No": 1000018,
"High Payer": 49,
"Finder": 500,
"IC": "ICCY99000",
"Invoice No": "0100018",
"Invoice Amt": 5417.99,
"Currency": "USD",
"Amt Paid": 5.3021,
"Trns Type/TC": 2,
"Translated Paid": 4576.5149,
"Dispute NO": "123519",
"PO NO": "452519",
"Bill of Landing": "123519",
"Requisition NO": "123519",
"Project NO": "123519"
},
{
"Seq": 20,
"Cust No": 1000019,
"High Payer": 40,
"Finder": 500,
"IC": "ICCY99000",
"Invoice No": "0100019",
"Invoice Amt": 1780.5232,
"Currency": "USD",
"Amt Paid": 19.0236,
"Trns Type/TC": 38,
"Translated Paid": 32326.1116,
"Dispute NO": "123520",
"PO NO": "452520",
"Bill of Landing": "123520",
"Requisition NO": "123520",
"Project NO": "123520"
},
{
"Seq": 21,
"Cust No": 1000020,
"High Payer": 24,
"Finder": 500,
"IC": "ICCY99000",
"Invoice No": "0100020",
"Invoice Amt": 4611.2053,
"Currency": "USD",
"Amt Paid": 33.2668,
"Trns Type/TC": 32,
"Translated Paid": 37154.9758,
"Dispute NO": "123521",
"PO NO": "452521",
"Bill of Landing": "123521",
"Requisition NO": "123521",
"Project NO": "123521"
},
{
"Seq": 22,
"Cust No": 1000021,
"High Payer": 14,
"Finder": 500,
"IC": "ICCY99000",
"Invoice No": "0100021",
"Invoice Amt": 2391.5489,
"Currency": "USD",
"Amt Paid": 35.7983,
"Trns Type/TC": 43,
"Translated Paid": 28086.4887,
"Dispute NO": "123522",
"PO NO": "452522",
"Bill of Landing": "123522",
"Requisition NO": "123522",
"Project NO": "123522"
},
{
"Seq": 23,
"Cust No": 1000022,
"High Payer": 15,
"Finder": 500,
"IC": "ICCY99000",
"Invoice No": "0100022",
"Invoice Amt": 1074.9227,
"Currency": "USD",
"Amt Paid": 43.3729,
"Trns Type/TC": 30,
"Translated Paid": 30949.7381,
"Dispute NO": "123523",
"PO NO": "452523",
"Bill of Landing": "123523",
"Requisition NO": "123523",
"Project NO": "123523"
},
{
"Seq": 24,
"Cust No": 1000023,
"High Payer": 9,
"Finder": 500,
"IC": "ICCY99000",
"Invoice No": "0100023",
"Invoice Amt": 2328.7023,
"Currency": "USD",
"Amt Paid": 7.8568,
"Trns Type/TC": 29,
"Translated Paid": 36417.1147,
"Dispute NO": "123524",
"PO NO": "452524",
"Bill of Landing": "123524",
"Requisition NO": "123524",
"Project NO": "123524"
},
{
"Seq": 25,
"Cust No": 1000024,
"High Payer": 23,
"Finder": 500,
"IC": "ICCY99000",
"Invoice No": "0100024",
"Invoice Amt": 3937.7834,
"Currency": "USD",
"Amt Paid": 17.5107,
"Trns Type/TC": 39,
"Translated Paid": 40060.5006,
"Dispute NO": "123525",
"PO NO": "452525",
"Bill of Landing": "123525",
"Requisition NO": "123525",
"Project NO": "123525"
},
{
"Seq": 26,
"Cust No": 1000025,
"High Payer": 34,
"Finder": 500,
"IC": "ICCY99000",
"Invoice No": "0100025",
"Invoice Amt": 2978.2395,
"Currency": "USD",
"Amt Paid": 9.8296,
"Trns Type/TC": 1,
"Translated Paid": 20862.4565,
"Dispute NO": "123526",
"PO NO": "452526",
"Bill of Landing": "123526",
"Requisition NO": "123526",
"Project NO": "123526"
},
{
"Seq": 27,
"Cust No": 1000026,
"High Payer": 42,
"Finder": 500,
"IC": "ICCY99000",
"Invoice No": "0100026",
"Invoice Amt": 3304.0357,
"Currency": "USD",
"Amt Paid": 10.3276,
"Trns Type/TC": 25,
"Translated Paid": 40824.6604,
"Dispute NO": "123527",
"PO NO": "452527",
"Bill of Landing": "123527",
"Requisition NO": "123527",
"Project NO": "123527"
},
{
"Seq": 28,
"Cust No": 1000027,
"High Payer": 1,
"Finder": 500,
"IC": "ICCY99000",
"Invoice No": "0100027",
"Invoice Amt": 3597.5786,
"Currency": "USD",
"Amt Paid": 30.264,
"Trns Type/TC": 25,
"Translated Paid": 25208.454,
"Dispute NO": "123528",
"PO NO": "452528",
"Bill of Landing": "123528",
"Requisition NO": "123528",
"Project NO": "123528"
},
{
"Seq": 29,
"Cust No": 1000028,
"High Payer": 36,
"Finder": 500,
"IC": "ICCY99000",
"Invoice No": "0100028",
"Invoice Amt": 1465.3701,
"Currency": "USD",
"Amt Paid": 43.3506,
"Trns Type/TC": 41,
"Translated Paid": 3969.6066,
"Dispute NO": "123529",
"PO NO": "452529",
"Bill of Landing": "123529",
"Requisition NO": "123529",
"Project NO": "123529"
},
{
"Seq": 30,
"Cust No": 1000029,
"High Payer": 41,
"Finder": 500,
"IC": "ICCY99000",
"Invoice No": "0100029",
"Invoice Amt": 3059.6277,
"Currency": "USD",
"Amt Paid": 30.4948,
"Trns Type/TC": 45,
"Translated Paid": 15929.6391,
"Dispute NO": "123530",
"PO NO": "452530",
"Bill of Landing": "123530",
"Requisition NO": "123530",
"Project NO": "123530"
},
{
"Seq": 31,
"Cust No": 1000030,
"High Payer": 16,
"Finder": 500,
"IC": "ICCY99000",
"Invoice No": "0100030",
"Invoice Amt": 2354.6142,
"Currency": "USD",
"Amt Paid": 22.1858,
"Trns Type/TC": 35,
"Translated Paid": 45591.3679,
"Dispute NO": "123531",
"PO NO": "452531",
"Bill of Landing": "123531",
"Requisition NO": "123531",
"Project NO": "123531"
},
{
"Seq": 32,
"Cust No": 1000031,
"High Payer": 17,
"Finder": 500,
"IC": "ICCY99000",
"Invoice No": "0100031",
"Invoice Amt": 5446.8099,
"Currency": "USD",
"Amt Paid": 40.4266,
"Trns Type/TC": 16,
"Translated Paid": 4385.8852,
"Dispute NO": "123532",
"PO NO": "452532",
"Bill of Landing": "123532",
"Requisition NO": "123532",
"Project NO": "123532"
},
{
"Seq": 33,
"Cust No": 1000032,
"High Payer": 14,
"Finder": 500,
"IC": "ICCY99000",
"Invoice No": "0100032",
"Invoice Amt": 1153.1541,
"Currency": "USD",
"Amt Paid": 9.5728,
"Trns Type/TC": 1,
"Translated Paid": 19408.9649,
"Dispute NO": "123533",
"PO NO": "452533",
"Bill of Landing": "123533",
"Requisition NO": "123533",
"Project NO": "123533"
},
{
"Seq": 34,
"Cust No": 1000033,
"High Payer": 13,
"Finder": 500,
"IC": "ICCY99000",
"Invoice No": "0100033",
"Invoice Amt": 2724.7381,
"Currency": "USD",
"Amt Paid": 7.4794,
"Trns Type/TC": 14,
"Translated Paid": 5655.6959,
"Dispute NO": "123534",
"PO NO": "452534",
"Bill of Landing": "123534",
"Requisition NO": "123534",
"Project NO": "123534"
},
{
"Seq": 35,
"Cust No": 1000034,
"High Payer": 37,
"Finder": 500,
"IC": "ICCY99000",
"Invoice No": "0100034",
"Invoice Amt": 4605.8819,
"Currency": "USD",
"Amt Paid": 20.4384,
"Trns Type/TC": 32,
"Translated Paid": 37557.8274,
"Dispute NO": "123535",
"PO NO": "452535",
"Bill of Landing": "123535",
"Requisition NO": "123535",
"Project NO": "123535"
},
{
"Seq": 36,
"Cust No": 1000035,
"High Payer": 9,
"Finder": 500,
"IC": "ICCY99000",
"Invoice No": "0100035",
"Invoice Amt": 5491.441,
"Currency": "USD",
"Amt Paid": 36.5495,
"Trns Type/TC": 1,
"Translated Paid": 36752.7582,
"Dispute NO": "123536",
"PO NO": "452536",
"Bill of Landing": "123536",
"Requisition NO": "123536",
"Project NO": "123536"
},
{
"Seq": 37,
"Cust No": 1000036,
"High Payer": 37,
"Finder": 500,
"IC": "ICCY99000",
"Invoice No": "0100036",
"Invoice Amt": 1236.2663,
"Currency": "USD",
"Amt Paid": 28.1026,
"Trns Type/TC": 15,
"Translated Paid": 39060.5525,
"Dispute NO": "123537",
"PO NO": "452537",
"Bill of Landing": "123537",
"Requisition NO": "123537",
"Project NO": "123537"
},
{
"Seq": 38,
"Cust No": 1000037,
"High Payer": 15,
"Finder": 500,
"IC": "ICCY99000",
"Invoice No": "0100037",
"Invoice Amt": 1388.8502,
"Currency": "USD",
"Amt Paid": 40.2125,
"Trns Type/TC": 13,
"Translated Paid": 47538.2102,
"Dispute NO": "123538",
"PO NO": "452538",
"Bill of Landing": "123538",
"Requisition NO": "123538",
"Project NO": "123538"
},
{
"Seq": 39,
"Cust No": 1000038,
"High Payer": 9,
"Finder": 500,
"IC": "ICCY99000",
"Invoice No": "0100038",
"Invoice Amt": 2423.3408,
"Currency": "USD",
"Amt Paid": 18.8368,
"Trns Type/TC": 48,
"Translated Paid": 32224.0656,
"Dispute NO": "123539",
"PO NO": "452539",
"Bill of Landing": "123539",
"Requisition NO": "123539",
"Project NO": "123539"
},
{
"Seq": 40,
"Cust No": 1000039,
"High Payer": 20,
"Finder": 500,
"IC": "ICCY99000",
"Invoice No": "0100039",
"Invoice Amt": 1071.8584,
"Currency": "USD",
"Amt Paid": 37.9423,
"Trns Type/TC": 35,
"Translated Paid": 26492.0934,
"Dispute NO": "123540",
"PO NO": "452540",
"Bill of Landing": "123540",
"Requisition NO": "123540",
"Project NO": "123540"
},
{
"Seq": 41,
"Cust No": 1000040,
"High Payer": 24,
"Finder": 500,
"IC": "ICCY99000",
"Invoice No": "0100040",
"Invoice Amt": 5541.4568,
"Currency": "USD",
"Amt Paid": 15.0167,
"Trns Type/TC": 19,
"Translated Paid": 18204.4479,
"Dispute NO": "123541",
"PO NO": "452541",
"Bill of Landing": "123541",
"Requisition NO": "123541",
"Project NO": "123541"
},
{
"Seq": 42,
"Cust No": 1000041,
"High Payer": 27,
"Finder": 500,
"IC": "ICCY99000",
"Invoice No": "0100041",
"Invoice Amt": 4794.9529,
"Currency": "USD",
"Amt Paid": 9.7051,
"Trns Type/TC": 16,
"Translated Paid": 49790.9876,
"Dispute NO": "123542",
"PO NO": "452542",
"Bill of Landing": "123542",
"Requisition NO": "123542",
"Project NO": "123542"
},
{
"Seq": 43,
"Cust No": 1000042,
"High Payer": 44,
"Finder": 500,
"IC": "ICCY99000",
"Invoice No": "0100042",
"Invoice Amt": 1685.7042,
"Currency": "USD",
"Amt Paid": 15.5851,
"Trns Type/TC": 48,
"Translated Paid": 20224.5233,
"Dispute NO": "123543",
"PO NO": "452543",
"Bill of Landing": "123543",
"Requisition NO": "123543",
"Project NO": "123543"
},
{
"Seq": 44,
"Cust No": 1000043,
"High Payer": 32,
"Finder": 500,
"IC": "ICCY99000",
"Invoice No": "0100043",
"Invoice Amt": 2732.2356,
"Currency": "USD",
"Amt Paid": 8.299,
"Trns Type/TC": 38,
"Translated Paid": 27705.9089,
"Dispute NO": "123544",
"PO NO": "452544",
"Bill of Landing": "123544",
"Requisition NO": "123544",
"Project NO": "123544"
},
{
"Seq": 45,
"Cust No": 1000044,
"High Payer": 30,
"Finder": 500,
"IC": "ICCY99000",
"Invoice No": "0100044",
"Invoice Amt": 4947.6604,
"Currency": "USD",
"Amt Paid": 7.2942,
"Trns Type/TC": 20,
"Translated Paid": 36908.5696,
"Dispute NO": "123545",
"PO NO": "452545",
"Bill of Landing": "123545",
"Requisition NO": "123545",
"Project NO": "123545"
},
{
"Seq": 46,
"Cust No": 1000045,
"High Payer": 26,
"Finder": 500,
"IC": "ICCY99000",
"Invoice No": "0100045",
"Invoice Amt": 787.2629,
"Currency": "USD",
"Amt Paid": 27.8726,
"Trns Type/TC": 6,
"Translated Paid": 8894.6724,
"Dispute NO": "123546",
"PO NO": "452546",
"Bill of Landing": "123546",
"Requisition NO": "123546",
"Project NO": "123546"
},
{
"Seq": 47,
"Cust No": 1000046,
"High Payer": 33,
"Finder": 500,
"IC": "ICCY99000",
"Invoice No": "0100046",
"Invoice Amt": 2211.4603,
"Currency": "USD",
"Amt Paid": 16.081,
"Trns Type/TC": 31,
"Translated Paid": 7316.748,
"Dispute NO": "123547",
"PO NO": "452547",
"Bill of Landing": "123547",
"Requisition NO": "123547",
"Project NO": "123547"
},
{
"Seq": 48,
"Cust No": 1000047,
"High Payer": 4,
"Finder": 500,
"IC": "ICCY99000",
"Invoice No": "0100047",
"Invoice Amt": 4462.3532,
"Currency": "USD",
"Amt Paid": 48.867,
"Trns Type/TC": 49,
"Translated Paid": 29305.5797,
"Dispute NO": "123548",
"PO NO": "452548",
"Bill of Landing": "123548",
"Requisition NO": "123548",
"Project NO": "123548"
},
{
"Seq": 49,
"Cust No": 1000048,
"High Payer": 18,
"Finder": 500,
"IC": "ICCY99000",
"Invoice No": "0100048",
"Invoice Amt": 2879.6298,
"Currency": "USD",
"Amt Paid": 31.1562,
"Trns Type/TC": 42,
"Translated Paid": 2194.4757,
"Dispute NO": "123549",
"PO NO": "452549",
"Bill of Landing": "123549",
"Requisition NO": "123549",
"Project NO": "123549"
},
{
"Seq": 50,
"Cust No": 1000049,
"High Payer": 15,
"Finder": 500,
"IC": "ICCY99000",
"Invoice No": "0100049",
"Invoice Amt": 3768.6009,
"Currency": "USD",
"Amt Paid": 20.2151,
"Trns Type/TC": 9,
"Translated Paid": 19594.5853,
"Dispute NO": "123550",
"PO NO": "452550",
"Bill of Landing": "123550",
"Requisition NO": "123550",
"Project NO": "123550"
},
{
"Seq": 51,
"Cust No": 1000050,
"High Payer": 49,
"Finder": 500,
"IC": "ICCY99000",
"Invoice No": "0100050",
"Invoice Amt": 2255.1305,
"Currency": "USD",
"Amt Paid": 32.9692,
"Trns Type/TC": 19,
"Translated Paid": 37714.3408,
"Dispute NO": "123551",
"PO NO": "452551",
"Bill of Landing": "123551",
"Requisition NO": "123551",
"Project NO": "123551"
},
{
"Seq": 52,
"Cust No": 1000051,
"High Payer": 3,
"Finder": 500,
"IC": "ICCY99000",
"Invoice No": "0100051",
"Invoice Amt": 2010.1217,
"Currency": "USD",
"Amt Paid": 15.1328,
"Trns Type/TC": 34,
"Translated Paid": 32209.0399,
"Dispute NO": "123552",
"PO NO": "452552",
"Bill of Landing": "123552",
"Requisition NO": "123552",
"Project NO": "123552"
},
{
"Seq": 53,
"Cust No": 1000052,
"High Payer": 41,
"Finder": 500,
"IC": "ICCY99000",
"Invoice No": "0100052",
"Invoice Amt": 3308.8598,
"Currency": "USD",
"Amt Paid": 25.0088,
"Trns Type/TC": 37,
"Translated Paid": 48290.0129,
"Dispute NO": "123553",
"PO NO": "452553",
"Bill of Landing": "123553",
"Requisition NO": "123553",
"Project NO": "123553"
},
{
"Seq": 54,
"Cust No": 1000053,
"High Payer": 17,
"Finder": 500,
"IC": "ICCY99000",
"Invoice No": "0100053",
"Invoice Amt": 4881.5282,
"Currency": "USD",
"Amt Paid": 25.9752,
"Trns Type/TC": 10,
"Translated Paid": 6191.1108,
"Dispute NO": "123554",
"PO NO": "452554",
"Bill of Landing": "123554",
"Requisition NO": "123554",
"Project NO": "123554"
},
{
"Seq": 55,
"Cust No": 1000054,
"High Payer": 39,
"Finder": 500,
"IC": "ICCY99000",
"Invoice No": "0100054",
"Invoice Amt": 3259.3982,
"Currency": "USD",
"Amt Paid": 13.2454,
"Trns Type/TC": 37,
"Translated Paid": 14584.4721,
"Dispute NO": "123555",
"PO NO": "452555",
"Bill of Landing": "123555",
"Requisition NO": "123555",
"Project NO": "123555"
},
{
"Seq": 56,
"Cust No": 1000055,
"High Payer": 14,
"Finder": 500,
"IC": "ICCY99000",
"Invoice No": "0100055",
"Invoice Amt": 5031.4486,
"Currency": "USD",
"Amt Paid": 8.1372,
"Trns Type/TC": 48,
"Translated Paid": 4811.3142,
"Dispute NO": "123556",
"PO NO": "452556",
"Bill of Landing": "123556",
"Requisition NO": "123556",
"Project NO": "123556"
},
{
"Seq": 57,
"Cust No": 1000056,
"High Payer": 31,
"Finder": 500,
"IC": "ICCY99000",
"Invoice No": "0100056",
"Invoice Amt": 3760.2225,
"Currency": "USD",
"Amt Paid": 48.6463,
"Trns Type/TC": 32,
"Translated Paid": 28420.6465,
"Dispute NO": "123557",
"PO NO": "452557",
"Bill of Landing": "123557",
"Requisition NO": "123557",
"Project NO": "123557"
},
{
"Seq": 58,
"Cust No": 1000057,
"High Payer": 41,
"Finder": 500,
"IC": "ICCY99000",
"Invoice No": "0100057",
"Invoice Amt": 641.7606,
"Currency": "USD",
"Amt Paid": 45.8071,
"Trns Type/TC": 43,
"Translated Paid": 16501.3999,
"Dispute NO": "123558",
"PO NO": "452558",
"Bill of Landing": "123558",
"Requisition NO": "123558",
"Project NO": "123558"
},
{
"Seq": 59,
"Cust No": 1000058,
"High Payer": 28,
"Finder": 500,
"IC": "ICCY99000",
"Invoice No": "0100058",
"Invoice Amt": 3479.1982,
"Currency": "USD",
"Amt Paid": 44.3223,
"Trns Type/TC": 11,
"Translated Paid": 16106.9956,
"Dispute NO": "123559",
"PO NO": "452559",
"Bill of Landing": "123559",
"Requisition NO": "123559",
"Project NO": "123559"
},
{
"Seq": 60,
"Cust No": 1000059,
"High Payer": 39,
"Finder": 500,
"IC": "ICCY99000",
"Invoice No": "0100059",
"Invoice Amt": 5350.0179,
"Currency": "USD",
"Amt Paid": 45.4508,
"Trns Type/TC": 17,
"Translated Paid": 16466.7752,
"Dispute NO": "123560",
"PO NO": "452560",
"Bill of Landing": "123560",
"Requisition NO": "123560",
"Project NO": "123560"
},
{
"Seq": 61,
"Cust No": 1000060,
"High Payer": 38,
"Finder": 500,
"IC": "ICCY99000",
"Invoice No": "0100060",
"Invoice Amt": 2008.7927,
"Currency": "USD",
"Amt Paid": 25.038,
"Trns Type/TC": 25,
"Translated Paid": 44054.9476,
"Dispute NO": "123561",
"PO NO": "452561",
"Bill of Landing": "123561",
"Requisition NO": "123561",
"Project NO": "123561"
},
{
"Seq": 62,
"Cust No": 1000061,
"High Payer": 21,
"Finder": 500,
"IC": "ICCY99000",
"Invoice No": "0100061",
"Invoice Amt": 1606.18,
"Currency": "USD",
"Amt Paid": 40.4712,
"Trns Type/TC": 49,
"Translated Paid": 8173.5966,
"Dispute NO": "123562",
"PO NO": "452562",
"Bill of Landing": "123562",
"Requisition NO": "123562",
"Project NO": "123562"
},
{
"Seq": 63,
"Cust No": 1000062,
"High Payer": 8,
"Finder": 500,
"IC": "ICCY99000",
"Invoice No": "0100062",
"Invoice Amt": 5292.4859,
"Currency": "USD",
"Amt Paid": 28.2586,
"Trns Type/TC": 49,
"Translated Paid": 14422.2984,
"Dispute NO": "123563",
"PO NO": "452563",
"Bill of Landing": "123563",
"Requisition NO": "123563",
"Project NO": "123563"
},
{
"Seq": 64,
"Cust No": 1000063,
"High Payer": 10,
"Finder": 500,
"IC": "ICCY99000",
"Invoice No": "0100063",
"Invoice Amt": 2913.0315,
"Currency": "USD",
"Amt Paid": 10.6084,
"Trns Type/TC": 0,
"Translated Paid": 16504.6071,
"Dispute NO": "123564",
"PO NO": "452564",
"Bill of Landing": "123564",
"Requisition NO": "123564",
"Project NO": "123564"
},
{
"Seq": 65,
"Cust No": 1000064,
"High Payer": 21,
"Finder": 500,
"IC": "ICCY99000",
"Invoice No": "0100064",
"Invoice Amt": 4675.8638,
"Currency": "USD",
"Amt Paid": 31.6327,
"Trns Type/TC": 43,
"Translated Paid": 26978.7124,
"Dispute NO": "123565",
"PO NO": "452565",
"Bill of Landing": "123565",
"Requisition NO": "123565",
"Project NO": "123565"
},
{
"Seq": 66,
"Cust No": 1000065,
"High Payer": 35,
"Finder": 500,
"IC": "ICCY99000",
"Invoice No": "0100065",
"Invoice Amt": 1995.7571,
"Currency": "USD",
"Amt Paid": 22.8423,
"Trns Type/TC": 34,
"Translated Paid": 39974.1053,
"Dispute NO": "123566",
"PO NO": "452566",
"Bill of Landing": "123566",
"Requisition NO": "123566",
"Project NO": "123566"
},
{
"Seq": 67,
"Cust No": 1000066,
"High Payer": 15,
"Finder": 500,
"IC": "ICCY99000",
"Invoice No": "0100066",
"Invoice Amt": 636.3779,
"Currency": "USD",
"Amt Paid": 22.9876,
"Trns Type/TC": 47,
"Translated Paid": 22613.1894,
"Dispute NO": "123567",
"PO NO": "452567",
"Bill of Landing": "123567",
"Requisition NO": "123567",
"Project NO": "123567"
},
{
"Seq": 68,
"Cust No": 1000067,
"High Payer": 27,
"Finder": 500,
"IC": "ICCY99000",
"Invoice No": "0100067",
"Invoice Amt": 4516.6074,
"Currency": "USD",
"Amt Paid": 35.0463,
"Trns Type/TC": 37,
"Translated Paid": 25313.7907,
"Dispute NO": "123568",
"PO NO": "452568",
"Bill of Landing": "123568",
"Requisition NO": "123568",
"Project NO": "123568"
},
{
"Seq": 69,
"Cust No": 1000068,
"High Payer": 15,
"Finder": 500,
"IC": "ICCY99000",
"Invoice No": "0100068",
"Invoice Amt": 1759.3138,
"Currency": "USD",
"Amt Paid": 42.621,
"Trns Type/TC": 19,
"Translated Paid": 16918.2628,
"Dispute NO": "123569",
"PO NO": "452569",
"Bill of Landing": "123569",
"Requisition NO": "123569",
"Project NO": "123569"
},
{
"Seq": 70,
"Cust No": 1000069,
"High Payer": 15,
"Finder": 500,
"IC": "ICCY99000",
"Invoice No": "0100069",
"Invoice Amt": 1560.01,
"Currency": "USD",
"Amt Paid": 8.751,
"Trns Type/TC": 36,
"Translated Paid": 46887.0551,
"Dispute NO": "123570",
"PO NO": "452570",
"Bill of Landing": "123570",
"Requisition NO": "123570",
"Project NO": "123570"
},
{
"Seq": 71,
"Cust No": 1000070,
"High Payer": 8,
"Finder": 500,
"IC": "ICCY99000",
"Invoice No": "0100070",
"Invoice Amt": 2591.0998,
"Currency": "USD",
"Amt Paid": 7.6164,
"Trns Type/TC": 15,
"Translated Paid": 33930.7433,
"Dispute NO": "123571",
"PO NO": "452571",
"Bill of Landing": "123571",
"Requisition NO": "123571",
"Project NO": "123571"
},
{
"Seq": 72,
"Cust No": 1000071,
"High Payer": 35,
"Finder": 500,
"IC": "ICCY99000",
"Invoice No": "0100071",
"Invoice Amt": 3861.4453,
"Currency": "USD",
"Amt Paid": 12.3221,
"Trns Type/TC": 37,
"Translated Paid": 3976.7489,
"Dispute NO": "123572",
"PO NO": "452572",
"Bill of Landing": "123572",
"Requisition NO": "123572",
"Project NO": "123572"
},
{
"Seq": 73,
"Cust No": 1000072,
"High Payer": 28,
"Finder": 500,
"IC": "ICCY99000",
"Invoice No": "0100072",
"Invoice Amt": 2806.4179,
"Currency": "USD",
"Amt Paid": 23.1862,
"Trns Type/TC": 28,
"Translated Paid": 37382.3136,
"Dispute NO": "123573",
"PO NO": "452573",
"Bill of Landing": "123573",
"Requisition NO": "123573",
"Project NO": "123573"
},
{
"Seq": 74,
"Cust No": 1000073,
"High Payer": 3,
"Finder": 500,
"IC": "ICCY99000",
"Invoice No": "0100073",
"Invoice Amt": 2171.6529,
"Currency": "USD",
"Amt Paid": 35.6968,
"Trns Type/TC": 7,
"Translated Paid": 46994.8932,
"Dispute NO": "123574",
"PO NO": "452574",
"Bill of Landing": "123574",
"Requisition NO": "123574",
"Project NO": "123574"
},
{
"Seq": 75,
"Cust No": 1000074,
"High Payer": 17,
"Finder": 500,
"IC": "ICCY99000",
"Invoice No": "0100074",
"Invoice Amt": 1220.2227,
"Currency": "USD",
"Amt Paid": 38.1429,
"Trns Type/TC": 2,
"Translated Paid": 12910.8989,
"Dispute NO": "123575",
"PO NO": "452575",
"Bill of Landing": "123575",
"Requisition NO": "123575",
"Project NO": "123575"
},
{
"Seq": 76,
"Cust No": 1000075,
"High Payer": 22,
"Finder": 500,
"IC": "ICCY99000",
"Invoice No": "0100075",
"Invoice Amt": 1888.7047,
"Currency": "USD",
"Amt Paid": 25.2685,
"Trns Type/TC": 47,
"Translated Paid": 14964.5219,
"Dispute NO": "123576",
"PO NO": "452576",
"Bill of Landing": "123576",
"Requisition NO": "123576",
"Project NO": "123576"
},
{
"Seq": 77,
"Cust No": 1000076,
"High Payer": 36,
"Finder": 500,
"IC": "ICCY99000",
"Invoice No": "0100076",
"Invoice Amt": 3173.0112,
"Currency": "USD",
"Amt Paid": 29.873,
"Trns Type/TC": 33,
"Translated Paid": 49596.0813,
"Dispute NO": "123577",
"PO NO": "452577",
"Bill of Landing": "123577",
"Requisition NO": "123577",
"Project NO": "123577"
},
{
"Seq": 78,
"Cust No": 1000077,
"High Payer": 49,
"Finder": 500,
"IC": "ICCY99000",
"Invoice No": "0100077",
"Invoice Amt": 1434.4843,
"Currency": "USD",
"Amt Paid": 24.8453,
"Trns Type/TC": 8,
"Translated Paid": 16631.5958,
"Dispute NO": "123578",
"PO NO": "452578",
"Bill of Landing": "123578",
"Requisition NO": "123578",
"Project NO": "123578"
},
{
"Seq": 79,
"Cust No": 1000078,
"High Payer": 34,
"Finder": 500,
"IC": "ICCY99000",
"Invoice No": "0100078",
"Invoice Amt": 3959.8707,
"Currency": "USD",
"Amt Paid": 44.4947,
"Trns Type/TC": 15,
"Translated Paid": 32849.941,
"Dispute NO": "123579",
"PO NO": "452579",
"Bill of Landing": "123579",
"Requisition NO": "123579",
"Project NO": "123579"
},
{
"Seq": 80,
"Cust No": 1000079,
"High Payer": 15,
"Finder": 500,
"IC": "ICCY99000",
"Invoice No": "0100079",
"Invoice Amt": 1686.4356,
"Currency": "USD",
"Amt Paid": 40.8513,
"Trns Type/TC": 20,
"Translated Paid": 25949.9794,
"Dispute NO": "123580",
"PO NO": "452580",
"Bill of Landing": "123580",
"Requisition NO": "123580",
"Project NO": "123580"
},
{
"Seq": 81,
"Cust No": 1000080,
"High Payer": 43,
"Finder": 500,
"IC": "ICCY99000",
"Invoice No": "0100080",
"Invoice Amt": 4075.7254,
"Currency": "USD",
"Amt Paid": 35.8531,
"Trns Type/TC": 48,
"Translated Paid": 30567.0926,
"Dispute NO": "123581",
"PO NO": "452581",
"Bill of Landing": "123581",
"Requisition NO": "123581",
"Project NO": "123581"
},
{
"Seq": 82,
"Cust No": 1000081,
"High Payer": 40,
"Finder": 500,
"IC": "ICCY99000",
"Invoice No": "0100081",
"Invoice Amt": 888.1856,
"Currency": "USD",
"Amt Paid": 35.6032,
"Trns Type/TC": 33,
"Translated Paid": 17436.7937,
"Dispute NO": "123582",
"PO NO": "452582",
"Bill of Landing": "123582",
"Requisition NO": "123582",
"Project NO": "123582"
},
{
"Seq": 83,
"Cust No": 1000082,
"High Payer": 5,
"Finder": 500,
"IC": "ICCY99000",
"Invoice No": "0100082",
"Invoice Amt": 3973.8001,
"Currency": "USD",
"Amt Paid": 10.4581,
"Trns Type/TC": 40,
"Translated Paid": 49403.8586,
"Dispute NO": "123583",
"PO NO": "452583",
"Bill of Landing": "123583",
"Requisition NO": "123583",
"Project NO": "123583"
},
{
"Seq": 84,
"Cust No": 1000083,
"High Payer": 44,
"Finder": 500,
"IC": "ICCY99000",
"Invoice No": "0100083",
"Invoice Amt": 4675.4768,
"Currency": "USD",
"Amt Paid": 21.7386,
"Trns Type/TC": 36,
"Translated Paid": 22279.3496,
"Dispute NO": "123584",
"PO NO": "452584",
"Bill of Landing": "123584",
"Requisition NO": "123584",
"Project NO": "123584"
},
{
"Seq": 85,
"Cust No": 1000084,
"High Payer": 44,
"Finder": 500,
"IC": "ICCY99000",
"Invoice No": "0100084",
"Invoice Amt": 4641.2531,
"Currency": "USD",
"Amt Paid": 5.7411,
"Trns Type/TC": 3,
"Translated Paid": 32639.9051,
"Dispute NO": "123585",
"PO NO": "452585",
"Bill of Landing": "123585",
"Requisition NO": "123585",
"Project NO": "123585"
},
{
"Seq": 86,
"Cust No": 1000085,
"High Payer": 24,
"Finder": 500,
"IC": "ICCY99000",
"Invoice No": "0100085",
"Invoice Amt": 2911.0113,
"Currency": "USD",
"Amt Paid": 39.8445,
"Trns Type/TC": 8,
"Translated Paid": 34558.2477,
"Dispute NO": "123586",
"PO NO": "452586",
"Bill of Landing": "123586",
"Requisition NO": "123586",
"Project NO": "123586"
},
{
"Seq": 87,
"Cust No": 1000086,
"High Payer": 14,
"Finder": 500,
"IC": "ICCY99000",
"Invoice No": "0100086",
"Invoice Amt": 1972.7154,
"Currency": "USD",
"Amt Paid": 21.5119,
"Trns Type/TC": 39,
"Translated Paid": 33543.004,
"Dispute NO": "123587",
"PO NO": "452587",
"Bill of Landing": "123587",
"Requisition NO": "123587",
"Project NO": "123587"
},
{
"Seq": 88,
"Cust No": 1000087,
"High Payer": 35,
"Finder": 500,
"IC": "ICCY99000",
"Invoice No": "0100087",
"Invoice Amt": 2520.5672,
"Currency": "USD",
"Amt Paid": 47.1424,
"Trns Type/TC": 3,
"Translated Paid": 13188.908,
"Dispute NO": "123588",
"PO NO": "452588",
"Bill of Landing": "123588",
"Requisition NO": "123588",
"Project NO": "123588"
},
{
"Seq": 89,
"Cust No": 1000088,
"High Payer": 34,
"Finder": 500,
"IC": "ICCY99000",
"Invoice No": "0100088",
"Invoice Amt": 960.322,
"Currency": "USD",
"Amt Paid": 35.719,
"Trns Type/TC": 44,
"Translated Paid": 7483.12,
"Dispute NO": "123589",
"PO NO": "452589",
"Bill of Landing": "123589",
"Requisition NO": "123589",
"Project NO": "123589"
},
{
"Seq": 90,
"Cust No": 1000089,
"High Payer": 34,
"Finder": 500,
"IC": "ICCY99000",
"Invoice No": "0100089",
"Invoice Amt": 2871.1388,
"Currency": "USD",
"Amt Paid": 14.6663,
"Trns Type/TC": 46,
"Translated Paid": 21011.2122,
"Dispute NO": "123590",
"PO NO": "452590",
"Bill of Landing": "123590",
"Requisition NO": "123590",
"Project NO": "123590"
},
{
"Seq": 91,
"Cust No": 1000090,
"High Payer": 15,
"Finder": 500,
"IC": "ICCY99000",
"Invoice No": "0100090",
"Invoice Amt": 2420.7176,
"Currency": "USD",
"Amt Paid": 41.343,
"Trns Type/TC": 22,
"Translated Paid": 5215.4666,
"Dispute NO": "123591",
"PO NO": "452591",
"Bill of Landing": "123591",
"Requisition NO": "123591",
"Project NO": "123591"
},
{
"Seq": 92,
"Cust No": 1000091,
"High Payer": 33,
"Finder": 500,
"IC": "ICCY99000",
"Invoice No": "0100091",
"Invoice Amt": 2595.8438,
"Currency": "USD",
"Amt Paid": 13.3497,
"Trns Type/TC": 26,
"Translated Paid": 37458.3678,
"Dispute NO": "123592",
"PO NO": "452592",
"Bill of Landing": "123592",
"Requisition NO": "123592",
"Project NO": "123592"
},
{
"Seq": 93,
"Cust No": 1000092,
"High Payer": 42,
"Finder": 500,
"IC": "ICCY99000",
"Invoice No": "0100092",
"Invoice Amt": 1980.4433,
"Currency": "USD",
"Amt Paid": 6.9488,
"Trns Type/TC": 42,
"Translated Paid": 26697.5478,
"Dispute NO": "123593",
"PO NO": "452593",
"Bill of Landing": "123593",
"Requisition NO": "123593",
"Project NO": "123593"
},
{
"Seq": 94,
"Cust No": 1000093,
"High Payer": 17,
"Finder": 500,
"IC": "ICCY99000",
"Invoice No": "0100093",
"Invoice Amt": 2552.0959,
"Currency": "USD",
"Amt Paid": 35.0269,
"Trns Type/TC": 32,
"Translated Paid": 34857.716,
"Dispute NO": "123594",
"PO NO": "452594",
"Bill of Landing": "123594",
"Requisition NO": "123594",
"Project NO": "123594"
},
{
"Seq": 95,
"Cust No": 1000094,
"High Payer": 32,
"Finder": 500,
"IC": "ICCY99000",
"Invoice No": "0100094",
"Invoice Amt": 1889.4617,
"Currency": "USD",
"Amt Paid": 19.7604,
"Trns Type/TC": 48,
"Translated Paid": 26919.165,
"Dispute NO": "123595",
"PO NO": "452595",
"Bill of Landing": "123595",
"Requisition NO": "123595",
"Project NO": "123595"
},
{
"Seq": 96,
"Cust No": 1000095,
"High Payer": 49,
"Finder": 500,
"IC": "ICCY99000",
"Invoice No": "0100095",
"Invoice Amt": 1987.4943,
"Currency": "USD",
"Amt Paid": 30.3516,
"Trns Type/TC": 18,
"Translated Paid": 23681.553,
"Dispute NO": "123596",
"PO NO": "452596",
"Bill of Landing": "123596",
"Requisition NO": "123596",
"Project NO": "123596"
},
{
"Seq": 97,
"Cust No": 1000096,
"High Payer": 34,
"Finder": 500,
"IC": "ICCY99000",
"Invoice No": "0100096",
"Invoice Amt": 5440.3741,
"Currency": "USD",
"Amt Paid": 30.8935,
"Trns Type/TC": 44,
"Translated Paid": 12221.0609,
"Dispute NO": "123597",
"PO NO": "452597",
"Bill of Landing": "123597",
"Requisition NO": "123597",
"Project NO": "123597"
},
{
"Seq": 98,
"Cust No": 1000097,
"High Payer": 24,
"Finder": 500,
"IC": "ICCY99000",
"Invoice No": "0100097",
"Invoice Amt": 4427.5832,
"Currency": "USD",
"Amt Paid": 20.1524,
"Trns Type/TC": 9,
"Translated Paid": 2514.7113,
"Dispute NO": "123598",
"PO NO": "452598",
"Bill of Landing": "123598",
"Requisition NO": "123598",
"Project NO": "123598"
},
{
"Seq": 99,
"Cust No": 1000098,
"High Payer": 39,
"Finder": 500,
"IC": "ICCY99000",
"Invoice No": "0100098",
"Invoice Amt": 1862.2572,
"Currency": "USD",
"Amt Paid": 8.8547,
"Trns Type/TC": 14,
"Translated Paid": 14718.6503,
"Dispute NO": "123599",
"PO NO": "452599",
"Bill of Landing": "123599",
"Requisition NO": "123599",
"Project NO": "123599"
},
{
"Seq": 100,
"Cust No": 1000099,
"High Payer": 43,
"Finder": 500,
"IC": "ICCY99000",
"Invoice No": "0100099",
"Invoice Amt": 3679.9117,
"Currency": "USD",
"Amt Paid": 16.4931,
"Trns Type/TC": 3,
"Translated Paid": 37574.6709,
"Dispute NO": "123600",
"PO NO": "452600",
"Bill of Landing": "123600",
"Requisition NO": "123600",
"Project NO": "123600"
}
]
}