﻿{
"items": [
{
"Name": "Emily",
"Customer No": "500000000000",
"Business Alias": "Allan Erickson",
"Status": "false",
"Balance": "USD",
"C&C": "CJ16",
"Country": "USA",
"City": "Franklin",
"Org ID": "ORG130",
"P&L Name": "Jacob"
},
{
"Name": "Constance",
"Customer No": "500000000000",
"Business Alias": "Katharine Kent",
"Status": "true",
"Balance": "USD",
"C&C": "CJ16",
"Country": "USA",
"City": "Jacob",
"Org ID": "ORG130",
"P&L Name": "Dana"
},
{
"Name": "Rita",
"Customer No": "500000000000",
"Business Alias": "Paige Scarborough",
"Status": "true",
"Balance": "USD",
"C&C": "CJ16",
"Country": "USA",
"City": "Tony",
"Org ID": "ORG130",
"P&L Name": "Tom"
},
{
"Name": "Brenda",
"Customer No": "500000000000",
"Business Alias": "Rhonda Barton",
"Status": "true",
"Balance": "USD",
"C&C": "CJ16",
"Country": "USA",
"City": "Vivian",
"Org ID": "ORG130",
"P&L Name": "Megan"
},
{
"Name": "Vincent",
"Customer No": "500000000000",
"Business Alias": "Rick Arnold",
"Status": "true",
"Balance": "USD",
"C&C": "CJ16",
"Country": "USA",
"City": "Jerome",
"Org ID": "ORG130",
"P&L Name": "Alice"
},
{
"Name": "Ben",
"Customer No": "500000000000",
"Business Alias": "Tracey Owen",
"Status": "false",
"Balance": "USD",
"C&C": "CJ16",
"Country": "USA",
"City": "Rodney",
"Org ID": "ORG130",
"P&L Name": "Wayne"
},
{
"Name": "Geraldine",
"Customer No": "500000000000",
"Business Alias": "Katharine Godfrey",
"Status": "false",
"Balance": "USD",
"C&C": "CJ16",
"Country": "USA",
"City": "Greg",
"Org ID": "ORG130",
"P&L Name": "Virginia"
},
{
"Name": "Marguerite",
"Customer No": "500000000000",
"Business Alias": "Martin Padgett",
"Status": "false",
"Balance": "USD",
"C&C": "CJ16",
"Country": "USA",
"City": "Ronald",
"Org ID": "ORG130",
"P&L Name": "Monica"
},
{
"Name": "Jeanne",
"Customer No": "500000000000",
"Business Alias": "Randall Morris",
"Status": "true",
"Balance": "USD",
"C&C": "CJ16",
"Country": "USA",
"City": "Benjamin",
"Org ID": "ORG130",
"P&L Name": "Malcolm"
},
{
"Name": "Phyllis",
"Customer No": "500000000000",
"Business Alias": "Leroy Dunlap",
"Status": "false",
"Balance": "USD",
"C&C": "CJ16",
"Country": "USA",
"City": "Vicki",
"Org ID": "ORG130",
"P&L Name": "Robert"
},
{
"Name": "Kimberly",
"Customer No": "500000000000",
"Business Alias": "Robyn Mullen",
"Status": "true",
"Balance": "USD",
"C&C": "CJ16",
"Country": "USA",
"City": "Michele",
"Org ID": "ORG130",
"P&L Name": "Calvin"
},
{
"Name": "James",
"Customer No": "500000000000",
"Business Alias": "Edgar Bradshaw",
"Status": "true",
"Balance": "USD",
"C&C": "CJ16",
"Country": "USA",
"City": "Annie",
"Org ID": "ORG130",
"P&L Name": "Roger"
},
{
"Name": "Geraldine",
"Customer No": "500000000000",
"Business Alias": "Ruth Knight",
"Status": "false",
"Balance": "USD",
"C&C": "CJ16",
"Country": "USA",
"City": "Jennifer",
"Org ID": "ORG130",
"P&L Name": "Charlene"
},
{
"Name": "Jordan",
"Customer No": "500000000000",
"Business Alias": "Alicia Brennan",
"Status": "true",
"Balance": "USD",
"C&C": "CJ16",
"Country": "USA",
"City": "Lucille",
"Org ID": "ORG130",
"P&L Name": "Grace"
},
{
"Name": "Beth",
"Customer No": "500000000000",
"Business Alias": "Joanna Murphy",
"Status": "true",
"Balance": "USD",
"C&C": "CJ16",
"Country": "USA",
"City": "Curtis",
"Org ID": "ORG130",
"P&L Name": "Alvin"
},
{
"Name": "Martin",
"Customer No": "500000000000",
"Business Alias": "Betty Hoover",
"Status": "false",
"Balance": "USD",
"C&C": "CJ16",
"Country": "USA",
"City": "Eddie",
"Org ID": "ORG130",
"P&L Name": "Tracy"
},
{
"Name": "Regina",
"Customer No": "500000000000",
"Business Alias": "Nathan Britt",
"Status": "false",
"Balance": "USD",
"C&C": "CJ16",
"Country": "USA",
"City": "Audrey",
"Org ID": "ORG130",
"P&L Name": "Faye"
},
{
"Name": "Lester",
"Customer No": "500000000000",
"Business Alias": "Theresa Weeks",
"Status": "true",
"Balance": "USD",
"C&C": "CJ16",
"Country": "USA",
"City": "Jacob",
"Org ID": "ORG130",
"P&L Name": "Christina"
},
{
"Name": "Judy",
"Customer No": "500000000000",
"Business Alias": "Charlotte Eason",
"Status": "false",
"Balance": "USD",
"C&C": "CJ16",
"Country": "USA",
"City": "Kathy",
"Org ID": "ORG130",
"P&L Name": "Wade"
},
{
"Name": "Claude",
"Customer No": "500000000000",
"Business Alias": "Wesley Starr",
"Status": "false",
"Balance": "USD",
"C&C": "CJ16",
"Country": "USA",
"City": "Kay",
"Org ID": "ORG130",
"P&L Name": "Shawn"
},
{
"Name": "Christina",
"Customer No": "500000000000",
"Business Alias": "Harry Carroll",
"Status": "false",
"Balance": "USD",
"C&C": "CJ16",
"Country": "USA",
"City": "Dianne",
"Org ID": "ORG130",
"P&L Name": "Erika"
},
{
"Name": "Bruce",
"Customer No": "500000000000",
"Business Alias": "Rachel Harrell",
"Status": "true",
"Balance": "USD",
"C&C": "CJ16",
"Country": "USA",
"City": "Elsie",
"Org ID": "ORG130",
"P&L Name": "Milton"
},
{
"Name": "Thomas",
"Customer No": "500000000000",
"Business Alias": "Elaine Clapp",
"Status": "true",
"Balance": "USD",
"C&C": "CJ16",
"Country": "USA",
"City": "Megan",
"Org ID": "ORG130",
"P&L Name": "Judy"
},
{
"Name": "Jeanette",
"Customer No": "500000000000",
"Business Alias": "Heidi Roach",
"Status": "false",
"Balance": "USD",
"C&C": "CJ16",
"Country": "USA",
"City": "Ben",
"Org ID": "ORG130",
"P&L Name": "Jordan"
},
{
"Name": "Allan",
"Customer No": "500000000000",
"Business Alias": "Wesley Sumner",
"Status": "true",
"Balance": "USD",
"C&C": "CJ16",
"Country": "USA",
"City": "Todd",
"Org ID": "ORG130",
"P&L Name": "Gayle"
},
{
"Name": "Bob",
"Customer No": "500000000000",
"Business Alias": "Betty Hawkins",
"Status": "true",
"Balance": "USD",
"C&C": "CJ16",
"Country": "USA",
"City": "Jerry",
"Org ID": "ORG130",
"P&L Name": "Lester"
},
{
"Name": "Glen",
"Customer No": "500000000000",
"Business Alias": "Courtney Nichols",
"Status": "false",
"Balance": "USD",
"C&C": "CJ16",
"Country": "USA",
"City": "Jim",
"Org ID": "ORG130",
"P&L Name": "Vernon"
},
{
"Name": "Kate",
"Customer No": "500000000000",
"Business Alias": "Louis Davidson",
"Status": "true",
"Balance": "USD",
"C&C": "CJ16",
"Country": "USA",
"City": "Florence",
"Org ID": "ORG130",
"P&L Name": "Scott"
},
{
"Name": "Larry",
"Customer No": "500000000000",
"Business Alias": "Stacy Olson",
"Status": "false",
"Balance": "USD",
"C&C": "CJ16",
"Country": "USA",
"City": "Oscar",
"Org ID": "ORG130",
"P&L Name": "Stacey"
},
{
"Name": "Gene",
"Customer No": "500000000000",
"Business Alias": "Nicole Eason",
"Status": "true",
"Balance": "USD",
"C&C": "CJ16",
"Country": "USA",
"City": "Steve",
"Org ID": "ORG130",
"P&L Name": "Brooke"
},
{
"Name": "Curtis",
"Customer No": "500000000000",
"Business Alias": "Marianne Glover",
"Status": "true",
"Balance": "USD",
"C&C": "CJ16",
"Country": "USA",
"City": "Guy",
"Org ID": "ORG130",
"P&L Name": "Juan"
},
{
"Name": "Shannon",
"Customer No": "500000000000",
"Business Alias": "Holly Roach",
"Status": "true",
"Balance": "USD",
"C&C": "CJ16",
"Country": "USA",
"City": "Lewis",
"Org ID": "ORG130",
"P&L Name": "Tommy"
},
{
"Name": "Kathleen",
"Customer No": "500000000000",
"Business Alias": "Melinda Stanley",
"Status": "true",
"Balance": "USD",
"C&C": "CJ16",
"Country": "USA",
"City": "Keith",
"Org ID": "ORG130",
"P&L Name": "Julia"
},
{
"Name": "Jim",
"Customer No": "500000000000",
"Business Alias": "Natalie Riley",
"Status": "true",
"Balance": "USD",
"C&C": "CJ16",
"Country": "USA",
"City": "Harold",
"Org ID": "ORG130",
"P&L Name": "Jamie"
},
{
"Name": "Brenda",
"Customer No": "500000000000",
"Business Alias": "Zachary Bowers",
"Status": "false",
"Balance": "USD",
"C&C": "CJ16",
"Country": "USA",
"City": "Jordan",
"Org ID": "ORG130",
"P&L Name": "Robert"
},
{
"Name": "Joanna",
"Customer No": "500000000000",
"Business Alias": "Bruce Gay",
"Status": "true",
"Balance": "USD",
"C&C": "CJ16",
"Country": "USA",
"City": "Rhonda",
"Org ID": "ORG130",
"P&L Name": "Marguerite"
},
{
"Name": "Julian",
"Customer No": "500000000000",
"Business Alias": "Claire McLeod",
"Status": "true",
"Balance": "USD",
"C&C": "CJ16",
"Country": "USA",
"City": "Allen",
"Org ID": "ORG130",
"P&L Name": "Catherine"
},
{
"Name": "Jimmy",
"Customer No": "500000000000",
"Business Alias": "Mary Fitzpatrick",
"Status": "true",
"Balance": "USD",
"C&C": "CJ16",
"Country": "USA",
"City": "Alice",
"Org ID": "ORG130",
"P&L Name": "Jack"
},
{
"Name": "Leigh",
"Customer No": "500000000000",
"Business Alias": "Rodney Robinson",
"Status": "true",
"Balance": "USD",
"C&C": "CJ16",
"Country": "USA",
"City": "Johnny",
"Org ID": "ORG130",
"P&L Name": "Wesley"
},
{
"Name": "Diana",
"Customer No": "500000000000",
"Business Alias": "Kenneth Sawyer",
"Status": "true",
"Balance": "USD",
"C&C": "CJ16",
"Country": "USA",
"City": "Ralph",
"Org ID": "ORG130",
"P&L Name": "Yvonne"
},
{
"Name": "Caroline",
"Customer No": "500000000000",
"Business Alias": "Amy Goldberg",
"Status": "false",
"Balance": "USD",
"C&C": "CJ16",
"Country": "USA",
"City": "Kimberly",
"Org ID": "ORG130",
"P&L Name": "Dana"
},
{
"Name": "Arlene",
"Customer No": "500000000000",
"Business Alias": "Ricky Grant",
"Status": "true",
"Balance": "USD",
"C&C": "CJ16",
"Country": "USA",
"City": "Jackie",
"Org ID": "ORG130",
"P&L Name": "Vickie"
},
{
"Name": "Hannah",
"Customer No": "500000000000",
"Business Alias": "Kristen Monroe",
"Status": "true",
"Balance": "USD",
"C&C": "CJ16",
"Country": "USA",
"City": "Lisa",
"Org ID": "ORG130",
"P&L Name": "Melissa"
},
{
"Name": "Neal",
"Customer No": "500000000000",
"Business Alias": "Steven Wolf",
"Status": "true",
"Balance": "USD",
"C&C": "CJ16",
"Country": "USA",
"City": "Claire",
"Org ID": "ORG130",
"P&L Name": "Terry"
},
{
"Name": "Edna",
"Customer No": "500000000000",
"Business Alias": "Wesley Whitaker",
"Status": "true",
"Balance": "USD",
"C&C": "CJ16",
"Country": "USA",
"City": "Arlene",
"Org ID": "ORG130",
"P&L Name": "Priscilla"
},
{
"Name": "Gwendolyn",
"Customer No": "500000000000",
"Business Alias": "Dawn Lindsay",
"Status": "false",
"Balance": "USD",
"C&C": "CJ16",
"Country": "USA",
"City": "Gregory",
"Org ID": "ORG130",
"P&L Name": "Theodore"
},
{
"Name": "Diana",
"Customer No": "500000000000",
"Business Alias": "Melinda Bradley",
"Status": "false",
"Balance": "USD",
"C&C": "CJ16",
"Country": "USA",
"City": "Gordon",
"Org ID": "ORG130",
"P&L Name": "Seth"
},
{
"Name": "Christina",
"Customer No": "500000000000",
"Business Alias": "Eugene Fernandez",
"Status": "false",
"Balance": "USD",
"C&C": "CJ16",
"Country": "USA",
"City": "Vickie",
"Org ID": "ORG130",
"P&L Name": "Katie"
},
{
"Name": "Bradley",
"Customer No": "500000000000",
"Business Alias": "Harvey Kenney",
"Status": "true",
"Balance": "USD",
"C&C": "CJ16",
"Country": "USA",
"City": "Dianne",
"Org ID": "ORG130",
"P&L Name": "Carl"
},
{
"Name": "Chris",
"Customer No": "500000000000",
"Business Alias": "Janice Ellis",
"Status": "true",
"Balance": "USD",
"C&C": "CJ16",
"Country": "USA",
"City": "Jacob",
"Org ID": "ORG130",
"P&L Name": "Karen"
},
{
"Name": "Phyllis",
"Customer No": "500000000000",
"Business Alias": "Clara Davies",
"Status": "true",
"Balance": "USD",
"C&C": "CJ16",
"Country": "USA",
"City": "Pat",
"Org ID": "ORG130",
"P&L Name": "Hannah"
},
{
"Name": "Melanie",
"Customer No": "500000000000",
"Business Alias": "Jack Bowers",
"Status": "true",
"Balance": "USD",
"C&C": "CJ16",
"Country": "USA",
"City": "Seth",
"Org ID": "ORG130",
"P&L Name": "Dan"
},
{
"Name": "Cheryl",
"Customer No": "500000000000",
"Business Alias": "Joel Chambers",
"Status": "false",
"Balance": "USD",
"C&C": "CJ16",
"Country": "USA",
"City": "Leon",
"Org ID": "ORG130",
"P&L Name": "Guy"
},
{
"Name": "Michelle",
"Customer No": "500000000000",
"Business Alias": "Jose Hale",
"Status": "true",
"Balance": "USD",
"C&C": "CJ16",
"Country": "USA",
"City": "Helen",
"Org ID": "ORG130",
"P&L Name": "Elsie"
},
{
"Name": "Kathy",
"Customer No": "500000000000",
"Business Alias": "Kathleen Stone",
"Status": "true",
"Balance": "USD",
"C&C": "CJ16",
"Country": "USA",
"City": "Malcolm",
"Org ID": "ORG130",
"P&L Name": "Geraldine"
},
{
"Name": "Glen",
"Customer No": "500000000000",
"Business Alias": "Leo Jones",
"Status": "false",
"Balance": "USD",
"C&C": "CJ16",
"Country": "USA",
"City": "Gilbert",
"Org ID": "ORG130",
"P&L Name": "Douglas"
},
{
"Name": "Rhonda",
"Customer No": "500000000000",
"Business Alias": "Virginia Grant",
"Status": "false",
"Balance": "USD",
"C&C": "CJ16",
"Country": "USA",
"City": "Geraldine",
"Org ID": "ORG130",
"P&L Name": "Lynn"
},
{
"Name": "Neil",
"Customer No": "500000000000",
"Business Alias": "Frederick Meadows",
"Status": "false",
"Balance": "USD",
"C&C": "CJ16",
"Country": "USA",
"City": "Lester",
"Org ID": "ORG130",
"P&L Name": "Leslie"
},
{
"Name": "James",
"Customer No": "500000000000",
"Business Alias": "Allison Conner",
"Status": "false",
"Balance": "USD",
"C&C": "CJ16",
"Country": "USA",
"City": "Dana",
"Org ID": "ORG130",
"P&L Name": "Angela"
},
{
"Name": "Ralph",
"Customer No": "500000000000",
"Business Alias": "Anne Baxter",
"Status": "false",
"Balance": "USD",
"C&C": "CJ16",
"Country": "USA",
"City": "Tamara",
"Org ID": "ORG130",
"P&L Name": "Bradley"
},
{
"Name": "Thelma",
"Customer No": "500000000000",
"Business Alias": "Alex Stanton",
"Status": "true",
"Balance": "USD",
"C&C": "CJ16",
"Country": "USA",
"City": "Sue",
"Org ID": "ORG130",
"P&L Name": "Lester"
},
{
"Name": "Phyllis",
"Customer No": "500000000000",
"Business Alias": "Karen Sullivan",
"Status": "false",
"Balance": "USD",
"C&C": "CJ16",
"Country": "USA",
"City": "Joanne",
"Org ID": "ORG130",
"P&L Name": "Angela"
},
{
"Name": "Patsy",
"Customer No": "500000000000",
"Business Alias": "Francis Garrison",
"Status": "false",
"Balance": "USD",
"C&C": "CJ16",
"Country": "USA",
"City": "Calvin",
"Org ID": "ORG130",
"P&L Name": "Cheryl"
},
{
"Name": "Patricia",
"Customer No": "500000000000",
"Business Alias": "Glenda Dodson",
"Status": "true",
"Balance": "USD",
"C&C": "CJ16",
"Country": "USA",
"City": "Kyle",
"Org ID": "ORG130",
"P&L Name": "Teresa"
},
{
"Name": "Tracey",
"Customer No": "500000000000",
"Business Alias": "Jerome Joyce",
"Status": "true",
"Balance": "USD",
"C&C": "CJ16",
"Country": "USA",
"City": "Juan",
"Org ID": "ORG130",
"P&L Name": "Jon"
},
{
"Name": "Eric",
"Customer No": "500000000000",
"Business Alias": "Marguerite Conner",
"Status": "false",
"Balance": "USD",
"C&C": "CJ16",
"Country": "USA",
"City": "Allen",
"Org ID": "ORG130",
"P&L Name": "Claude"
},
{
"Name": "Steven",
"Customer No": "500000000000",
"Business Alias": "William Houston",
"Status": "true",
"Balance": "USD",
"C&C": "CJ16",
"Country": "USA",
"City": "Matthew",
"Org ID": "ORG130",
"P&L Name": "Brett"
},
{
"Name": "Clifford",
"Customer No": "500000000000",
"Business Alias": "Kimberly Murphy",
"Status": "false",
"Balance": "USD",
"C&C": "CJ16",
"Country": "USA",
"City": "Franklin",
"Org ID": "ORG130",
"P&L Name": "Jeanne"
},
{
"Name": "Dorothy",
"Customer No": "500000000000",
"Business Alias": "Barbara Yang",
"Status": "true",
"Balance": "USD",
"C&C": "CJ16",
"Country": "USA",
"City": "Betsy",
"Org ID": "ORG130",
"P&L Name": "Sarah"
},
{
"Name": "Lucy",
"Customer No": "500000000000",
"Business Alias": "Steve McNeill",
"Status": "true",
"Balance": "USD",
"C&C": "CJ16",
"Country": "USA",
"City": "Jason",
"Org ID": "ORG130",
"P&L Name": "Scott"
},
{
"Name": "George",
"Customer No": "500000000000",
"Business Alias": "Clara Fernandez",
"Status": "false",
"Balance": "USD",
"C&C": "CJ16",
"Country": "USA",
"City": "Jean",
"Org ID": "ORG130",
"P&L Name": "Steven"
},
{
"Name": "Wayne",
"Customer No": "500000000000",
"Business Alias": "Ben Bailey",
"Status": "false",
"Balance": "USD",
"C&C": "CJ16",
"Country": "USA",
"City": "Marsha",
"Org ID": "ORG130",
"P&L Name": "Judith"
},
{
"Name": "Eric",
"Customer No": "500000000000",
"Business Alias": "Billy Schroeder",
"Status": "true",
"Balance": "USD",
"C&C": "CJ16",
"Country": "USA",
"City": "Elaine",
"Org ID": "ORG130",
"P&L Name": "Teresa"
},
{
"Name": "George",
"Customer No": "500000000000",
"Business Alias": "Gayle Harris",
"Status": "true",
"Balance": "USD",
"C&C": "CJ16",
"Country": "USA",
"City": "Sue",
"Org ID": "ORG130",
"P&L Name": "Warren"
},
{
"Name": "Regina",
"Customer No": "500000000000",
"Business Alias": "Zachary Walsh",
"Status": "false",
"Balance": "USD",
"C&C": "CJ16",
"Country": "USA",
"City": "Kara",
"Org ID": "ORG130",
"P&L Name": "Patsy"
},
{
"Name": "Dan",
"Customer No": "500000000000",
"Business Alias": "Allan Hall",
"Status": "true",
"Balance": "USD",
"C&C": "CJ16",
"Country": "USA",
"City": "Gail",
"Org ID": "ORG130",
"P&L Name": "Maurice"
},
{
"Name": "Randy",
"Customer No": "500000000000",
"Business Alias": "Kathleen O",
"Status": "false",
"Balance": "USD",
"C&C": "CJ16",
"Country": "USA",
"City": "Lynne",
"Org ID": "ORG130",
"P&L Name": "Annette"
},
{
"Name": "Katherine",
"Customer No": "500000000000",
"Business Alias": "Wallace Rubin",
"Status": "true",
"Balance": "USD",
"C&C": "CJ16",
"Country": "USA",
"City": "Troy",
"Org ID": "ORG130",
"P&L Name": "Peggy"
},
{
"Name": "Bobby",
"Customer No": "500000000000",
"Business Alias": "Jordan McMahon",
"Status": "true",
"Balance": "USD",
"C&C": "CJ16",
"Country": "USA",
"City": "Malcolm",
"Org ID": "ORG130",
"P&L Name": "Judy"
},
{
"Name": "Francis",
"Customer No": "500000000000",
"Business Alias": "Wesley Haynes",
"Status": "true",
"Balance": "USD",
"C&C": "CJ16",
"Country": "USA",
"City": "Hannah",
"Org ID": "ORG130",
"P&L Name": "Wade"
},
{
"Name": "Maria",
"Customer No": "500000000000",
"Business Alias": "Neal Beck",
"Status": "false",
"Balance": "USD",
"C&C": "CJ16",
"Country": "USA",
"City": "Oscar",
"Org ID": "ORG130",
"P&L Name": "Jon"
},
{
"Name": "Gretchen",
"Customer No": "500000000000",
"Business Alias": "Virginia Eason",
"Status": "false",
"Balance": "USD",
"C&C": "CJ16",
"Country": "USA",
"City": "Jerome",
"Org ID": "ORG130",
"P&L Name": "Allen"
},
{
"Name": "Arnold",
"Customer No": "500000000000",
"Business Alias": "Shawn Hoyle",
"Status": "true",
"Balance": "USD",
"C&C": "CJ16",
"Country": "USA",
"City": "Calvin",
"Org ID": "ORG130",
"P&L Name": "Marianne"
},
{
"Name": "Peggy",
"Customer No": "500000000000",
"Business Alias": "Natalie Denton",
"Status": "false",
"Balance": "USD",
"C&C": "CJ16",
"Country": "USA",
"City": "Raymond",
"Org ID": "ORG130",
"P&L Name": "Stephen"
},
{
"Name": "Claire",
"Customer No": "500000000000",
"Business Alias": "Kara Sanchez",
"Status": "true",
"Balance": "USD",
"C&C": "CJ16",
"Country": "USA",
"City": "Renee",
"Org ID": "ORG130",
"P&L Name": "Max"
},
{
"Name": "Judy",
"Customer No": "500000000000",
"Business Alias": "Eric Vick",
"Status": "false",
"Balance": "USD",
"C&C": "CJ16",
"Country": "USA",
"City": "Teresa",
"Org ID": "ORG130",
"P&L Name": "Jordan"
},
{
"Name": "Veronica",
"Customer No": "500000000000",
"Business Alias": "Sheryl Waters",
"Status": "true",
"Balance": "USD",
"C&C": "CJ16",
"Country": "USA",
"City": "Jane",
"Org ID": "ORG130",
"P&L Name": "Marion"
},
{
"Name": "Malcolm",
"Customer No": "500000000000",
"Business Alias": "Kim Lloyd",
"Status": "false",
"Balance": "USD",
"C&C": "CJ16",
"Country": "USA",
"City": "Kristine",
"Org ID": "ORG130",
"P&L Name": "Gladys"
},
{
"Name": "Danny",
"Customer No": "500000000000",
"Business Alias": "Christopher Katz",
"Status": "true",
"Balance": "USD",
"C&C": "CJ16",
"Country": "USA",
"City": "Troy",
"Org ID": "ORG130",
"P&L Name": "Louise"
},
{
"Name": "Jeanette",
"Customer No": "500000000000",
"Business Alias": "George Blair",
"Status": "false",
"Balance": "USD",
"C&C": "CJ16",
"Country": "USA",
"City": "Joanna",
"Org ID": "ORG130",
"P&L Name": "Ruth"
},
{
"Name": "Joshua",
"Customer No": "500000000000",
"Business Alias": "Melinda Simpson",
"Status": "true",
"Balance": "USD",
"C&C": "CJ16",
"Country": "USA",
"City": "Claire",
"Org ID": "ORG130",
"P&L Name": "Christina"
},
{
"Name": "Ronnie",
"Customer No": "500000000000",
"Business Alias": "Tamara Locklear",
"Status": "false",
"Balance": "USD",
"C&C": "CJ16",
"Country": "USA",
"City": "Kenneth",
"Org ID": "ORG130",
"P&L Name": "Kyle"
},
{
"Name": "Joe",
"Customer No": "500000000000",
"Business Alias": "Heidi Bowman",
"Status": "false",
"Balance": "USD",
"C&C": "CJ16",
"Country": "USA",
"City": "Dianne",
"Org ID": "ORG130",
"P&L Name": "Brett"
},
{
"Name": "Max",
"Customer No": "500000000000",
"Business Alias": "Bruce Reid",
"Status": "false",
"Balance": "USD",
"C&C": "CJ16",
"Country": "USA",
"City": "Kyle",
"Org ID": "ORG130",
"P&L Name": "Julia"
},
{
"Name": "Nina",
"Customer No": "500000000000",
"Business Alias": "Kelly Horne",
"Status": "true",
"Balance": "USD",
"C&C": "CJ16",
"Country": "USA",
"City": "Joyce",
"Org ID": "ORG130",
"P&L Name": "Hazel"
},
{
"Name": "Vivian",
"Customer No": "500000000000",
"Business Alias": "Neal Fox",
"Status": "true",
"Balance": "USD",
"C&C": "CJ16",
"Country": "USA",
"City": "Claire",
"Org ID": "ORG130",
"P&L Name": "Nicholas"
},
{
"Name": "Rita",
"Customer No": "500000000000",
"Business Alias": "Melanie Bowles",
"Status": "true",
"Balance": "USD",
"C&C": "CJ16",
"Country": "USA",
"City": "Milton",
"Org ID": "ORG130",
"P&L Name": "Willie"
},
{
"Name": "Mary",
"Customer No": "500000000000",
"Business Alias": "Christopher Berger",
"Status": "false",
"Balance": "USD",
"C&C": "CJ16",
"Country": "USA",
"City": "Theodore",
"Org ID": "ORG130",
"P&L Name": "Jacob"
},
{
"Name": "Warren",
"Customer No": "500000000000",
"Business Alias": "Randy Finch",
"Status": "true",
"Balance": "USD",
"C&C": "CJ16",
"Country": "USA",
"City": "Tim",
"Org ID": "ORG130",
"P&L Name": "Larry"
},
{
"Name": "Jan",
"Customer No": "500000000000",
"Business Alias": "William Olsen",
"Status": "false",
"Balance": "USD",
"C&C": "CJ16",
"Country": "USA",
"City": "Sue",
"Org ID": "ORG130",
"P&L Name": "Jeff"
}
]
}