﻿{
"items": [
{
"Invoice No": "201",
"Suffix No": "51",
"FinderNo": "C",
"TC": "451",
"DC": "6T",
"Dispute No": "WC804",
"SP Code": "1L",
"Amount": "139412.2877",
"Currency": "USD",
"Trans Amt": "86130.7205",
"Rate": "1067.4853",
"IC": "NSSM6",
"Purchase Order": "00081",
"Inv Date": "04-Feb-2015"
},
{
"Invoice No": "202",
"Suffix No": "52",
"FinderNo": "C",
"TC": "452",
"DC": "6T",
"Dispute No": "WC804",
"SP Code": "1L",
"Amount": "136420.8633",
"Currency": "USD",
"Trans Amt": "73700.877",
"Rate": "1013.7016",
"IC": "NSSM6",
"Purchase Order": "00082",
"Inv Date": "04-Feb-2015"
},
{
"Invoice No": "203",
"Suffix No": "53",
"FinderNo": "C",
"TC": "453",
"DC": "6T",
"Dispute No": "WC804",
"SP Code": "1L",
"Amount": "176028.5081",
"Currency": "USD",
"Trans Amt": "192676.2229",
"Rate": "1662.2553",
"IC": "NSSM6",
"Purchase Order": "00083",
"Inv Date": "04-Feb-2015"
},
{
"Invoice No": "204",
"Suffix No": "54",
"FinderNo": "C",
"TC": "454",
"DC": "6T",
"Dispute No": "WC804",
"SP Code": "1L",
"Amount": "115041.1172",
"Currency": "USD",
"Trans Amt": "88050.8704",
"Rate": "1182.1954",
"IC": "NSSM6",
"Purchase Order": "00084",
"Inv Date": "04-Feb-2015"
},
{
"Invoice No": "205",
"Suffix No": "55",
"FinderNo": "C",
"TC": "455",
"DC": "6T",
"Dispute No": "WC804",
"SP Code": "1L",
"Amount": "1993.9773",
"Currency": "USD",
"Trans Amt": "3597.4924",
"Rate": "1225.532",
"IC": "NSSM6",
"Purchase Order": "00085",
"Inv Date": "04-Feb-2015"
},
{
"Invoice No": "206",
"Suffix No": "56",
"FinderNo": "C",
"TC": "456",
"DC": "6T",
"Dispute No": "WC804",
"SP Code": "1L",
"Amount": "44299.8415",
"Currency": "USD",
"Trans Amt": "188184.6268",
"Rate": "1308.5036",
"IC": "NSSM6",
"Purchase Order": "00086",
"Inv Date": "04-Feb-2015"
},
{
"Invoice No": "207",
"Suffix No": "57",
"FinderNo": "C",
"TC": "457",
"DC": "6T",
"Dispute No": "WC804",
"SP Code": "1L",
"Amount": "111126.5269",
"Currency": "USD",
"Trans Amt": "143411.99",
"Rate": "1091.0942",
"IC": "NSSM6",
"Purchase Order": "00087",
"Inv Date": "04-Feb-2015"
},
{
"Invoice No": "208",
"Suffix No": "58",
"FinderNo": "C",
"TC": "458",
"DC": "6T",
"Dispute No": "WC804",
"SP Code": "1L",
"Amount": "73455.569",
"Currency": "USD",
"Trans Amt": "113861.0146",
"Rate": "1610.418",
"IC": "NSSM6",
"Purchase Order": "00088",
"Inv Date": "04-Feb-2015"
},
{
"Invoice No": "209",
"Suffix No": "59",
"FinderNo": "C",
"TC": "459",
"DC": "6T",
"Dispute No": "WC804",
"SP Code": "1L",
"Amount": "179138.3702",
"Currency": "USD",
"Trans Amt": "169378.7097",
"Rate": "1701.7427",
"IC": "NSSM6",
"Purchase Order": "00089",
"Inv Date": "04-Feb-2015"
},
{
"Invoice No": "210",
"Suffix No": "60",
"FinderNo": "C",
"TC": "460",
"DC": "6T",
"Dispute No": "WC804",
"SP Code": "1L",
"Amount": "108654.2182",
"Currency": "USD",
"Trans Amt": "176007.8142",
"Rate": "1182.4533",
"IC": "NSSM6",
"Purchase Order": "00090",
"Inv Date": "04-Feb-2015"
},
{
"Invoice No": "211",
"Suffix No": "61",
"FinderNo": "C",
"TC": "461",
"DC": "6T",
"Dispute No": "WC804",
"SP Code": "1L",
"Amount": "160908.1812",
"Currency": "USD",
"Trans Amt": "42241.7041",
"Rate": "1571.022",
"IC": "NSSM6",
"Purchase Order": "00091",
"Inv Date": "04-Feb-2015"
},
{
"Invoice No": "212",
"Suffix No": "62",
"FinderNo": "C",
"TC": "462",
"DC": "6T",
"Dispute No": "WC804",
"SP Code": "1L",
"Amount": "89899.2949",
"Currency": "USD",
"Trans Amt": "90976.5348",
"Rate": "1084.1155",
"IC": "NSSM6",
"Purchase Order": "00092",
"Inv Date": "04-Feb-2015"
},
{
"Invoice No": "213",
"Suffix No": "63",
"FinderNo": "C",
"TC": "463",
"DC": "6T",
"Dispute No": "WC804",
"SP Code": "1L",
"Amount": "113157.3836",
"Currency": "USD",
"Trans Amt": "141590.1152",
"Rate": "1024.3198",
"IC": "NSSM6",
"Purchase Order": "00093",
"Inv Date": "04-Feb-2015"
},
{
"Invoice No": "214",
"Suffix No": "64",
"FinderNo": "C",
"TC": "464",
"DC": "6T",
"Dispute No": "WC804",
"SP Code": "1L",
"Amount": "91367.9786",
"Currency": "USD",
"Trans Amt": "92116.1082",
"Rate": "1254.6253",
"IC": "NSSM6",
"Purchase Order": "00094",
"Inv Date": "04-Feb-2015"
},
{
"Invoice No": "215",
"Suffix No": "65",
"FinderNo": "C",
"TC": "465",
"DC": "6T",
"Dispute No": "WC804",
"SP Code": "1L",
"Amount": "197235.1525",
"Currency": "USD",
"Trans Amt": "88441.3828",
"Rate": "1510.666",
"IC": "NSSM6",
"Purchase Order": "00095",
"Inv Date": "04-Feb-2015"
},
{
"Invoice No": "216",
"Suffix No": "66",
"FinderNo": "C",
"TC": "466",
"DC": "6T",
"Dispute No": "WC804",
"SP Code": "1L",
"Amount": "85962.3379",
"Currency": "USD",
"Trans Amt": "177164.5821",
"Rate": "1970.2666",
"IC": "NSSM6",
"Purchase Order": "00096",
"Inv Date": "04-Feb-2015"
},
{
"Invoice No": "217",
"Suffix No": "67",
"FinderNo": "C",
"TC": "467",
"DC": "6T",
"Dispute No": "WC804",
"SP Code": "1L",
"Amount": "9460.0569",
"Currency": "USD",
"Trans Amt": "148265.5683",
"Rate": "1585.846",
"IC": "NSSM6",
"Purchase Order": "00097",
"Inv Date": "04-Feb-2015"
},
{
"Invoice No": "218",
"Suffix No": "68",
"FinderNo": "C",
"TC": "468",
"DC": "6T",
"Dispute No": "WC804",
"SP Code": "1L",
"Amount": "2197.9704",
"Currency": "USD",
"Trans Amt": "111819.8033",
"Rate": "1358.8572",
"IC": "NSSM6",
"Purchase Order": "00098",
"Inv Date": "04-Feb-2015"
},
{
"Invoice No": "219",
"Suffix No": "69",
"FinderNo": "C",
"TC": "469",
"DC": "6T",
"Dispute No": "WC804",
"SP Code": "1L",
"Amount": "66772.3606",
"Currency": "USD",
"Trans Amt": "23003.7861",
"Rate": "1581.2306",
"IC": "NSSM6",
"Purchase Order": "00099",
"Inv Date": "04-Feb-2015"
},
{
"Invoice No": "220",
"Suffix No": "70",
"FinderNo": "C",
"TC": "470",
"DC": "6T",
"Dispute No": "WC804",
"SP Code": "1L",
"Amount": "95069.805",
"Currency": "USD",
"Trans Amt": "195509.3215",
"Rate": "1233.5264",
"IC": "NSSM6",
"Purchase Order": "000100",
"Inv Date": "04-Feb-2015"
},
{
"Invoice No": "221",
"Suffix No": "71",
"FinderNo": "C",
"TC": "471",
"DC": "6T",
"Dispute No": "WC804",
"SP Code": "1L",
"Amount": "129088.9351",
"Currency": "USD",
"Trans Amt": "56933.2024",
"Rate": "1813.1928",
"IC": "NSSM6",
"Purchase Order": "000101",
"Inv Date": "04-Feb-2015"
},
{
"Invoice No": "222",
"Suffix No": "72",
"FinderNo": "C",
"TC": "472",
"DC": "6T",
"Dispute No": "WC804",
"SP Code": "1L",
"Amount": "166675.1274",
"Currency": "USD",
"Trans Amt": "165370.1077",
"Rate": "1531.4427",
"IC": "NSSM6",
"Purchase Order": "000102",
"Inv Date": "04-Feb-2015"
},
{
"Invoice No": "223",
"Suffix No": "73",
"FinderNo": "C",
"TC": "473",
"DC": "6T",
"Dispute No": "WC804",
"SP Code": "1L",
"Amount": "193259.7009",
"Currency": "USD",
"Trans Amt": "78362.5723",
"Rate": "1395.2898",
"IC": "NSSM6",
"Purchase Order": "000103",
"Inv Date": "04-Feb-2015"
},
{
"Invoice No": "224",
"Suffix No": "74",
"FinderNo": "C",
"TC": "474",
"DC": "6T",
"Dispute No": "WC804",
"SP Code": "1L",
"Amount": "197229.8182",
"Currency": "USD",
"Trans Amt": "185643.8946",
"Rate": "1522.9807",
"IC": "NSSM6",
"Purchase Order": "000104",
"Inv Date": "04-Feb-2015"
},
{
"Invoice No": "225",
"Suffix No": "75",
"FinderNo": "C",
"TC": "475",
"DC": "6T",
"Dispute No": "WC804",
"SP Code": "1L",
"Amount": "116405.0485",
"Currency": "USD",
"Trans Amt": "185315.4423",
"Rate": "1423.6",
"IC": "NSSM6",
"Purchase Order": "000105",
"Inv Date": "04-Feb-2015"
},
{
"Invoice No": "226",
"Suffix No": "76",
"FinderNo": "C",
"TC": "476",
"DC": "6T",
"Dispute No": "WC804",
"SP Code": "1L",
"Amount": "150085.2969",
"Currency": "USD",
"Trans Amt": "97547.4638",
"Rate": "1518.2742",
"IC": "NSSM6",
"Purchase Order": "000106",
"Inv Date": "04-Feb-2015"
},
{
"Invoice No": "227",
"Suffix No": "77",
"FinderNo": "C",
"TC": "477",
"DC": "6T",
"Dispute No": "WC804",
"SP Code": "1L",
"Amount": "90009.9633",
"Currency": "USD",
"Trans Amt": "123766.0613",
"Rate": "1061.5937",
"IC": "NSSM6",
"Purchase Order": "000107",
"Inv Date": "04-Feb-2015"
},
{
"Invoice No": "228",
"Suffix No": "78",
"FinderNo": "C",
"TC": "478",
"DC": "6T",
"Dispute No": "WC804",
"SP Code": "1L",
"Amount": "108016.0619",
"Currency": "USD",
"Trans Amt": "185864.6356",
"Rate": "1207.9962",
"IC": "NSSM6",
"Purchase Order": "000108",
"Inv Date": "04-Feb-2015"
},
{
"Invoice No": "229",
"Suffix No": "79",
"FinderNo": "C",
"TC": "479",
"DC": "6T",
"Dispute No": "WC804",
"SP Code": "1L",
"Amount": "72902.4606",
"Currency": "USD",
"Trans Amt": "106113.3902",
"Rate": "1513.7138",
"IC": "NSSM6",
"Purchase Order": "000109",
"Inv Date": "04-Feb-2015"
},
{
"Invoice No": "230",
"Suffix No": "80",
"FinderNo": "C",
"TC": "480",
"DC": "6T",
"Dispute No": "WC804",
"SP Code": "1L",
"Amount": "40692.4387",
"Currency": "USD",
"Trans Amt": "37244.868",
"Rate": "1839.0623",
"IC": "NSSM6",
"Purchase Order": "000110",
"Inv Date": "04-Feb-2015"
},
{
"Invoice No": "231",
"Suffix No": "81",
"FinderNo": "C",
"TC": "481",
"DC": "6T",
"Dispute No": "WC804",
"SP Code": "1L",
"Amount": "26249.8146",
"Currency": "USD",
"Trans Amt": "164200.6794",
"Rate": "1417.6586",
"IC": "NSSM6",
"Purchase Order": "000111",
"Inv Date": "04-Feb-2015"
},
{
"Invoice No": "232",
"Suffix No": "82",
"FinderNo": "C",
"TC": "482",
"DC": "6T",
"Dispute No": "WC804",
"SP Code": "1L",
"Amount": "85524.1108",
"Currency": "USD",
"Trans Amt": "49348.2103",
"Rate": "1513.2789",
"IC": "NSSM6",
"Purchase Order": "000112",
"Inv Date": "04-Feb-2015"
},
{
"Invoice No": "233",
"Suffix No": "83",
"FinderNo": "C",
"TC": "483",
"DC": "6T",
"Dispute No": "WC804",
"SP Code": "1L",
"Amount": "84129.7298",
"Currency": "USD",
"Trans Amt": "143469.3848",
"Rate": "1005.8556",
"IC": "NSSM6",
"Purchase Order": "000113",
"Inv Date": "04-Feb-2015"
},
{
"Invoice No": "234",
"Suffix No": "84",
"FinderNo": "C",
"TC": "484",
"DC": "6T",
"Dispute No": "WC804",
"SP Code": "1L",
"Amount": "113711.5292",
"Currency": "USD",
"Trans Amt": "151457.5664",
"Rate": "1876.8558",
"IC": "NSSM6",
"Purchase Order": "000114",
"Inv Date": "04-Feb-2015"
},
{
"Invoice No": "235",
"Suffix No": "85",
"FinderNo": "C",
"TC": "485",
"DC": "6T",
"Dispute No": "WC804",
"SP Code": "1L",
"Amount": "149658.0711",
"Currency": "USD",
"Trans Amt": "19630.6069",
"Rate": "1041.9808",
"IC": "NSSM6",
"Purchase Order": "000115",
"Inv Date": "04-Feb-2015"
},
{
"Invoice No": "236",
"Suffix No": "86",
"FinderNo": "C",
"TC": "486",
"DC": "6T",
"Dispute No": "WC804",
"SP Code": "1L",
"Amount": "174088.1492",
"Currency": "USD",
"Trans Amt": "35205.6162",
"Rate": "1145.5442",
"IC": "NSSM6",
"Purchase Order": "000116",
"Inv Date": "04-Feb-2015"
},
{
"Invoice No": "237",
"Suffix No": "87",
"FinderNo": "C",
"TC": "487",
"DC": "6T",
"Dispute No": "WC804",
"SP Code": "1L",
"Amount": "21573.7341",
"Currency": "USD",
"Trans Amt": "190194.287",
"Rate": "1403.857",
"IC": "NSSM6",
"Purchase Order": "000117",
"Inv Date": "04-Feb-2015"
},
{
"Invoice No": "238",
"Suffix No": "88",
"FinderNo": "C",
"TC": "488",
"DC": "6T",
"Dispute No": "WC804",
"SP Code": "1L",
"Amount": "151414.6618",
"Currency": "USD",
"Trans Amt": "196122.491",
"Rate": "1884.8424",
"IC": "NSSM6",
"Purchase Order": "000118",
"Inv Date": "04-Feb-2015"
},
{
"Invoice No": "239",
"Suffix No": "89",
"FinderNo": "C",
"TC": "489",
"DC": "6T",
"Dispute No": "WC804",
"SP Code": "1L",
"Amount": "193941.4601",
"Currency": "USD",
"Trans Amt": "23280.0306",
"Rate": "1792.5905",
"IC": "NSSM6",
"Purchase Order": "000119",
"Inv Date": "04-Feb-2015"
},
{
"Invoice No": "240",
"Suffix No": "90",
"FinderNo": "C",
"TC": "490",
"DC": "6T",
"Dispute No": "WC804",
"SP Code": "1L",
"Amount": "76511.8719",
"Currency": "USD",
"Trans Amt": "160581.3871",
"Rate": "1548.9103",
"IC": "NSSM6",
"Purchase Order": "000120",
"Inv Date": "04-Feb-2015"
},
{
"Invoice No": "241",
"Suffix No": "91",
"FinderNo": "C",
"TC": "491",
"DC": "6T",
"Dispute No": "WC804",
"SP Code": "1L",
"Amount": "193491.8819",
"Currency": "USD",
"Trans Amt": "61173.1989",
"Rate": "1964.1175",
"IC": "NSSM6",
"Purchase Order": "000121",
"Inv Date": "04-Feb-2015"
},
{
"Invoice No": "242",
"Suffix No": "92",
"FinderNo": "C",
"TC": "492",
"DC": "6T",
"Dispute No": "WC804",
"SP Code": "1L",
"Amount": "3076.3898",
"Currency": "USD",
"Trans Amt": "34723.212",
"Rate": "1165.6842",
"IC": "NSSM6",
"Purchase Order": "000122",
"Inv Date": "04-Feb-2015"
},
{
"Invoice No": "243",
"Suffix No": "93",
"FinderNo": "C",
"TC": "493",
"DC": "6T",
"Dispute No": "WC804",
"SP Code": "1L",
"Amount": "51903.1426",
"Currency": "USD",
"Trans Amt": "163093.8751",
"Rate": "1035.7947",
"IC": "NSSM6",
"Purchase Order": "000123",
"Inv Date": "04-Feb-2015"
},
{
"Invoice No": "244",
"Suffix No": "94",
"FinderNo": "C",
"TC": "494",
"DC": "6T",
"Dispute No": "WC804",
"SP Code": "1L",
"Amount": "74835.8543",
"Currency": "USD",
"Trans Amt": "146209.9339",
"Rate": "1422.7197",
"IC": "NSSM6",
"Purchase Order": "000124",
"Inv Date": "04-Feb-2015"
},
{
"Invoice No": "245",
"Suffix No": "95",
"FinderNo": "C",
"TC": "495",
"DC": "6T",
"Dispute No": "WC804",
"SP Code": "1L",
"Amount": "147938.3375",
"Currency": "USD",
"Trans Amt": "195607.4461",
"Rate": "1110.3274",
"IC": "NSSM6",
"Purchase Order": "000125",
"Inv Date": "04-Feb-2015"
},
{
"Invoice No": "246",
"Suffix No": "96",
"FinderNo": "C",
"TC": "496",
"DC": "6T",
"Dispute No": "WC804",
"SP Code": "1L",
"Amount": "72142.1135",
"Currency": "USD",
"Trans Amt": "89997.2266",
"Rate": "1472.223",
"IC": "NSSM6",
"Purchase Order": "000126",
"Inv Date": "04-Feb-2015"
},
{
"Invoice No": "247",
"Suffix No": "97",
"FinderNo": "C",
"TC": "497",
"DC": "6T",
"Dispute No": "WC804",
"SP Code": "1L",
"Amount": "28236.3721",
"Currency": "USD",
"Trans Amt": "129361.8996",
"Rate": "1739.8023",
"IC": "NSSM6",
"Purchase Order": "000127",
"Inv Date": "04-Feb-2015"
},
{
"Invoice No": "248",
"Suffix No": "98",
"FinderNo": "C",
"TC": "498",
"DC": "6T",
"Dispute No": "WC804",
"SP Code": "1L",
"Amount": "125349.2401",
"Currency": "USD",
"Trans Amt": "96018.3207",
"Rate": "1100.7476",
"IC": "NSSM6",
"Purchase Order": "000128",
"Inv Date": "04-Feb-2015"
},
{
"Invoice No": "249",
"Suffix No": "99",
"FinderNo": "C",
"TC": "499",
"DC": "6T",
"Dispute No": "WC804",
"SP Code": "1L",
"Amount": "89948.2284",
"Currency": "USD",
"Trans Amt": "199947.6106",
"Rate": "1170.8705",
"IC": "NSSM6",
"Purchase Order": "000129",
"Inv Date": "04-Feb-2015"
},
{
"Invoice No": "250",
"Suffix No": "100",
"FinderNo": "C",
"TC": "500",
"DC": "6T",
"Dispute No": "WC804",
"SP Code": "1L",
"Amount": "5705.737",
"Currency": "USD",
"Trans Amt": "41128.4291",
"Rate": "1664.0044",
"IC": "NSSM6",
"Purchase Order": "000130",
"Inv Date": "04-Feb-2015"
},
{
"Invoice No": "251",
"Suffix No": "101",
"FinderNo": "C",
"TC": "501",
"DC": "6T",
"Dispute No": "WC804",
"SP Code": "1L",
"Amount": "1375.3374",
"Currency": "USD",
"Trans Amt": "5369.1847",
"Rate": "1617.2875",
"IC": "NSSM6",
"Purchase Order": "000131",
"Inv Date": "04-Feb-2015"
},
{
"Invoice No": "252",
"Suffix No": "102",
"FinderNo": "C",
"TC": "502",
"DC": "6T",
"Dispute No": "WC804",
"SP Code": "1L",
"Amount": "109925.1376",
"Currency": "USD",
"Trans Amt": "171078.2951",
"Rate": "1670.9969",
"IC": "NSSM6",
"Purchase Order": "000132",
"Inv Date": "04-Feb-2015"
},
{
"Invoice No": "253",
"Suffix No": "103",
"FinderNo": "C",
"TC": "503",
"DC": "6T",
"Dispute No": "WC804",
"SP Code": "1L",
"Amount": "37745.8753",
"Currency": "USD",
"Trans Amt": "73220.9112",
"Rate": "1408.9654",
"IC": "NSSM6",
"Purchase Order": "000133",
"Inv Date": "04-Feb-2015"
},
{
"Invoice No": "254",
"Suffix No": "104",
"FinderNo": "C",
"TC": "504",
"DC": "6T",
"Dispute No": "WC804",
"SP Code": "1L",
"Amount": "97092.8121",
"Currency": "USD",
"Trans Amt": "32298.9232",
"Rate": "1753.1264",
"IC": "NSSM6",
"Purchase Order": "000134",
"Inv Date": "04-Feb-2015"
},
{
"Invoice No": "255",
"Suffix No": "105",
"FinderNo": "C",
"TC": "505",
"DC": "6T",
"Dispute No": "WC804",
"SP Code": "1L",
"Amount": "133717.5574",
"Currency": "USD",
"Trans Amt": "140448.4272",
"Rate": "1609.1404",
"IC": "NSSM6",
"Purchase Order": "000135",
"Inv Date": "04-Feb-2015"
},
{
"Invoice No": "256",
"Suffix No": "106",
"FinderNo": "C",
"TC": "506",
"DC": "6T",
"Dispute No": "WC804",
"SP Code": "1L",
"Amount": "164614.0542",
"Currency": "USD",
"Trans Amt": "193255.7209",
"Rate": "1918.5041",
"IC": "NSSM6",
"Purchase Order": "000136",
"Inv Date": "04-Feb-2015"
},
{
"Invoice No": "257",
"Suffix No": "107",
"FinderNo": "C",
"TC": "507",
"DC": "6T",
"Dispute No": "WC804",
"SP Code": "1L",
"Amount": "174408.4142",
"Currency": "USD",
"Trans Amt": "115488.7712",
"Rate": "1212.1465",
"IC": "NSSM6",
"Purchase Order": "000137",
"Inv Date": "04-Feb-2015"
},
{
"Invoice No": "258",
"Suffix No": "108",
"FinderNo": "C",
"TC": "508",
"DC": "6T",
"Dispute No": "WC804",
"SP Code": "1L",
"Amount": "20018.0764",
"Currency": "USD",
"Trans Amt": "22824.3243",
"Rate": "1284.7537",
"IC": "NSSM6",
"Purchase Order": "000138",
"Inv Date": "04-Feb-2015"
},
{
"Invoice No": "259",
"Suffix No": "109",
"FinderNo": "C",
"TC": "509",
"DC": "6T",
"Dispute No": "WC804",
"SP Code": "1L",
"Amount": "193876.9127",
"Currency": "USD",
"Trans Amt": "34715.3487",
"Rate": "1879.2297",
"IC": "NSSM6",
"Purchase Order": "000139",
"Inv Date": "04-Feb-2015"
},
{
"Invoice No": "260",
"Suffix No": "110",
"FinderNo": "C",
"TC": "510",
"DC": "6T",
"Dispute No": "WC804",
"SP Code": "1L",
"Amount": "101242.6788",
"Currency": "USD",
"Trans Amt": "74665.6047",
"Rate": "1451.9394",
"IC": "NSSM6",
"Purchase Order": "000140",
"Inv Date": "04-Feb-2015"
},
{
"Invoice No": "261",
"Suffix No": "111",
"FinderNo": "C",
"TC": "511",
"DC": "6T",
"Dispute No": "WC804",
"SP Code": "1L",
"Amount": "97823.6531",
"Currency": "USD",
"Trans Amt": "94937.449",
"Rate": "1121.4131",
"IC": "NSSM6",
"Purchase Order": "000141",
"Inv Date": "04-Feb-2015"
},
{
"Invoice No": "262",
"Suffix No": "112",
"FinderNo": "C",
"TC": "512",
"DC": "6T",
"Dispute No": "WC804",
"SP Code": "1L",
"Amount": "190547.4061",
"Currency": "USD",
"Trans Amt": "119880.7624",
"Rate": "1052.1442",
"IC": "NSSM6",
"Purchase Order": "000142",
"Inv Date": "04-Feb-2015"
},
{
"Invoice No": "263",
"Suffix No": "113",
"FinderNo": "C",
"TC": "513",
"DC": "6T",
"Dispute No": "WC804",
"SP Code": "1L",
"Amount": "47887.7418",
"Currency": "USD",
"Trans Amt": "16917.6957",
"Rate": "1222.7268",
"IC": "NSSM6",
"Purchase Order": "000143",
"Inv Date": "04-Feb-2015"
},
{
"Invoice No": "264",
"Suffix No": "114",
"FinderNo": "C",
"TC": "514",
"DC": "6T",
"Dispute No": "WC804",
"SP Code": "1L",
"Amount": "123318.2034",
"Currency": "USD",
"Trans Amt": "57246.0881",
"Rate": "1142.1645",
"IC": "NSSM6",
"Purchase Order": "000144",
"Inv Date": "04-Feb-2015"
},
{
"Invoice No": "265",
"Suffix No": "115",
"FinderNo": "C",
"TC": "515",
"DC": "6T",
"Dispute No": "WC804",
"SP Code": "1L",
"Amount": "12565.5945",
"Currency": "USD",
"Trans Amt": "136463.342",
"Rate": "1214.3829",
"IC": "NSSM6",
"Purchase Order": "000145",
"Inv Date": "04-Feb-2015"
},
{
"Invoice No": "266",
"Suffix No": "116",
"FinderNo": "C",
"TC": "516",
"DC": "6T",
"Dispute No": "WC804",
"SP Code": "1L",
"Amount": "59008.5221",
"Currency": "USD",
"Trans Amt": "120258.565",
"Rate": "1259.7897",
"IC": "NSSM6",
"Purchase Order": "000146",
"Inv Date": "04-Feb-2015"
},
{
"Invoice No": "267",
"Suffix No": "117",
"FinderNo": "C",
"TC": "517",
"DC": "6T",
"Dispute No": "WC804",
"SP Code": "1L",
"Amount": "3828.0628",
"Currency": "USD",
"Trans Amt": "41684.9089",
"Rate": "1007.6443",
"IC": "NSSM6",
"Purchase Order": "000147",
"Inv Date": "04-Feb-2015"
},
{
"Invoice No": "268",
"Suffix No": "118",
"FinderNo": "C",
"TC": "518",
"DC": "6T",
"Dispute No": "WC804",
"SP Code": "1L",
"Amount": "123234.2487",
"Currency": "USD",
"Trans Amt": "104523.5609",
"Rate": "1697.6361",
"IC": "NSSM6",
"Purchase Order": "000148",
"Inv Date": "04-Feb-2015"
},
{
"Invoice No": "269",
"Suffix No": "119",
"FinderNo": "C",
"TC": "519",
"DC": "6T",
"Dispute No": "WC804",
"SP Code": "1L",
"Amount": "89578.1934",
"Currency": "USD",
"Trans Amt": "120361.0339",
"Rate": "1380.8839",
"IC": "NSSM6",
"Purchase Order": "000149",
"Inv Date": "04-Feb-2015"
},
{
"Invoice No": "270",
"Suffix No": "120",
"FinderNo": "C",
"TC": "520",
"DC": "6T",
"Dispute No": "WC804",
"SP Code": "1L",
"Amount": "67597.1409",
"Currency": "USD",
"Trans Amt": "189687.2835",
"Rate": "1523.1268",
"IC": "NSSM6",
"Purchase Order": "000150",
"Inv Date": "04-Feb-2015"
},
{
"Invoice No": "271",
"Suffix No": "121",
"FinderNo": "C",
"TC": "521",
"DC": "6T",
"Dispute No": "WC804",
"SP Code": "1L",
"Amount": "13248.5217",
"Currency": "USD",
"Trans Amt": "137636.9509",
"Rate": "1685.2036",
"IC": "NSSM6",
"Purchase Order": "000151",
"Inv Date": "04-Feb-2015"
},
{
"Invoice No": "272",
"Suffix No": "122",
"FinderNo": "C",
"TC": "522",
"DC": "6T",
"Dispute No": "WC804",
"SP Code": "1L",
"Amount": "55004.572",
"Currency": "USD",
"Trans Amt": "26071.2769",
"Rate": "1432.09",
"IC": "NSSM6",
"Purchase Order": "000152",
"Inv Date": "04-Feb-2015"
},
{
"Invoice No": "273",
"Suffix No": "123",
"FinderNo": "C",
"TC": "523",
"DC": "6T",
"Dispute No": "WC804",
"SP Code": "1L",
"Amount": "99203.9298",
"Currency": "USD",
"Trans Amt": "129225.648",
"Rate": "1732.8059",
"IC": "NSSM6",
"Purchase Order": "000153",
"Inv Date": "04-Feb-2015"
},
{
"Invoice No": "274",
"Suffix No": "124",
"FinderNo": "C",
"TC": "524",
"DC": "6T",
"Dispute No": "WC804",
"SP Code": "1L",
"Amount": "124693.461",
"Currency": "USD",
"Trans Amt": "11051.0591",
"Rate": "1804.8561",
"IC": "NSSM6",
"Purchase Order": "000154",
"Inv Date": "04-Feb-2015"
},
{
"Invoice No": "275",
"Suffix No": "125",
"FinderNo": "C",
"TC": "525",
"DC": "6T",
"Dispute No": "WC804",
"SP Code": "1L",
"Amount": "111602.8995",
"Currency": "USD",
"Trans Amt": "10034.104",
"Rate": "1622.9226",
"IC": "NSSM6",
"Purchase Order": "000155",
"Inv Date": "04-Feb-2015"
},
{
"Invoice No": "276",
"Suffix No": "126",
"FinderNo": "C",
"TC": "526",
"DC": "6T",
"Dispute No": "WC804",
"SP Code": "1L",
"Amount": "15249.9712",
"Currency": "USD",
"Trans Amt": "4082.1201",
"Rate": "1262.4186",
"IC": "NSSM6",
"Purchase Order": "000156",
"Inv Date": "04-Feb-2015"
},
{
"Invoice No": "277",
"Suffix No": "127",
"FinderNo": "C",
"TC": "527",
"DC": "6T",
"Dispute No": "WC804",
"SP Code": "1L",
"Amount": "35535.7127",
"Currency": "USD",
"Trans Amt": "193249.8986",
"Rate": "1464.9426",
"IC": "NSSM6",
"Purchase Order": "000157",
"Inv Date": "04-Feb-2015"
},
{
"Invoice No": "278",
"Suffix No": "128",
"FinderNo": "C",
"TC": "528",
"DC": "6T",
"Dispute No": "WC804",
"SP Code": "1L",
"Amount": "10808.7313",
"Currency": "USD",
"Trans Amt": "150746.9926",
"Rate": "1357.46",
"IC": "NSSM6",
"Purchase Order": "000158",
"Inv Date": "04-Feb-2015"
},
{
"Invoice No": "279",
"Suffix No": "129",
"FinderNo": "C",
"TC": "529",
"DC": "6T",
"Dispute No": "WC804",
"SP Code": "1L",
"Amount": "15658.9175",
"Currency": "USD",
"Trans Amt": "17541.3967",
"Rate": "1576.9462",
"IC": "NSSM6",
"Purchase Order": "000159",
"Inv Date": "04-Feb-2015"
},
{
"Invoice No": "280",
"Suffix No": "130",
"FinderNo": "C",
"TC": "530",
"DC": "6T",
"Dispute No": "WC804",
"SP Code": "1L",
"Amount": "32355.1808",
"Currency": "USD",
"Trans Amt": "2233.6203",
"Rate": "1740.4436",
"IC": "NSSM6",
"Purchase Order": "000160",
"Inv Date": "04-Feb-2015"
},
{
"Invoice No": "281",
"Suffix No": "131",
"FinderNo": "C",
"TC": "531",
"DC": "6T",
"Dispute No": "WC804",
"SP Code": "1L",
"Amount": "1794.6358",
"Currency": "USD",
"Trans Amt": "2786.7084",
"Rate": "1769.2882",
"IC": "NSSM6",
"Purchase Order": "000161",
"Inv Date": "04-Feb-2015"
},
{
"Invoice No": "282",
"Suffix No": "132",
"FinderNo": "C",
"TC": "532",
"DC": "6T",
"Dispute No": "WC804",
"SP Code": "1L",
"Amount": "50560.8776",
"Currency": "USD",
"Trans Amt": "76490.239",
"Rate": "1451.4476",
"IC": "NSSM6",
"Purchase Order": "000162",
"Inv Date": "04-Feb-2015"
},
{
"Invoice No": "283",
"Suffix No": "133",
"FinderNo": "C",
"TC": "533",
"DC": "6T",
"Dispute No": "WC804",
"SP Code": "1L",
"Amount": "137385.7353",
"Currency": "USD",
"Trans Amt": "191610.164",
"Rate": "1043.1253",
"IC": "NSSM6",
"Purchase Order": "000163",
"Inv Date": "04-Feb-2015"
},
{
"Invoice No": "284",
"Suffix No": "134",
"FinderNo": "C",
"TC": "534",
"DC": "6T",
"Dispute No": "WC804",
"SP Code": "1L",
"Amount": "148508.2036",
"Currency": "USD",
"Trans Amt": "119463.6577",
"Rate": "1303.1335",
"IC": "NSSM6",
"Purchase Order": "000164",
"Inv Date": "04-Feb-2015"
},
{
"Invoice No": "285",
"Suffix No": "135",
"FinderNo": "C",
"TC": "535",
"DC": "6T",
"Dispute No": "WC804",
"SP Code": "1L",
"Amount": "123898.4883",
"Currency": "USD",
"Trans Amt": "170531.8443",
"Rate": "1169.4348",
"IC": "NSSM6",
"Purchase Order": "000165",
"Inv Date": "04-Feb-2015"
},
{
"Invoice No": "286",
"Suffix No": "136",
"FinderNo": "C",
"TC": "536",
"DC": "6T",
"Dispute No": "WC804",
"SP Code": "1L",
"Amount": "25294.5347",
"Currency": "USD",
"Trans Amt": "194897.4266",
"Rate": "1563.6389",
"IC": "NSSM6",
"Purchase Order": "000166",
"Inv Date": "04-Feb-2015"
},
{
"Invoice No": "287",
"Suffix No": "137",
"FinderNo": "C",
"TC": "537",
"DC": "6T",
"Dispute No": "WC804",
"SP Code": "1L",
"Amount": "100827.5736",
"Currency": "USD",
"Trans Amt": "118903.8414",
"Rate": "1340.7728",
"IC": "NSSM6",
"Purchase Order": "000167",
"Inv Date": "04-Feb-2015"
},
{
"Invoice No": "288",
"Suffix No": "138",
"FinderNo": "C",
"TC": "538",
"DC": "6T",
"Dispute No": "WC804",
"SP Code": "1L",
"Amount": "11501.9552",
"Currency": "USD",
"Trans Amt": "89509.4979",
"Rate": "1094.7141",
"IC": "NSSM6",
"Purchase Order": "000168",
"Inv Date": "04-Feb-2015"
},
{
"Invoice No": "289",
"Suffix No": "139",
"FinderNo": "C",
"TC": "539",
"DC": "6T",
"Dispute No": "WC804",
"SP Code": "1L",
"Amount": "153668.5208",
"Currency": "USD",
"Trans Amt": "7272.3314",
"Rate": "1325.5369",
"IC": "NSSM6",
"Purchase Order": "000169",
"Inv Date": "04-Feb-2015"
},
{
"Invoice No": "290",
"Suffix No": "140",
"FinderNo": "C",
"TC": "540",
"DC": "6T",
"Dispute No": "WC804",
"SP Code": "1L",
"Amount": "67209.9906",
"Currency": "USD",
"Trans Amt": "143902.9264",
"Rate": "1324.0442",
"IC": "NSSM6",
"Purchase Order": "000170",
"Inv Date": "04-Feb-2015"
},
{
"Invoice No": "291",
"Suffix No": "141",
"FinderNo": "C",
"TC": "541",
"DC": "6T",
"Dispute No": "WC804",
"SP Code": "1L",
"Amount": "112486.8297",
"Currency": "USD",
"Trans Amt": "194402.0818",
"Rate": "1840.2758",
"IC": "NSSM6",
"Purchase Order": "000171",
"Inv Date": "04-Feb-2015"
},
{
"Invoice No": "292",
"Suffix No": "142",
"FinderNo": "C",
"TC": "542",
"DC": "6T",
"Dispute No": "WC804",
"SP Code": "1L",
"Amount": "71332.7704",
"Currency": "USD",
"Trans Amt": "93974.4479",
"Rate": "1597.911",
"IC": "NSSM6",
"Purchase Order": "000172",
"Inv Date": "04-Feb-2015"
},
{
"Invoice No": "293",
"Suffix No": "143",
"FinderNo": "C",
"TC": "543",
"DC": "6T",
"Dispute No": "WC804",
"SP Code": "1L",
"Amount": "55243.51",
"Currency": "USD",
"Trans Amt": "112642.3693",
"Rate": "1988.6293",
"IC": "NSSM6",
"Purchase Order": "000173",
"Inv Date": "04-Feb-2015"
},
{
"Invoice No": "294",
"Suffix No": "144",
"FinderNo": "C",
"TC": "544",
"DC": "6T",
"Dispute No": "WC804",
"SP Code": "1L",
"Amount": "183645.7211",
"Currency": "USD",
"Trans Amt": "99979.799",
"Rate": "1932.5618",
"IC": "NSSM6",
"Purchase Order": "000174",
"Inv Date": "04-Feb-2015"
},
{
"Invoice No": "295",
"Suffix No": "145",
"FinderNo": "C",
"TC": "545",
"DC": "6T",
"Dispute No": "WC804",
"SP Code": "1L",
"Amount": "25727.5098",
"Currency": "USD",
"Trans Amt": "105650.9741",
"Rate": "1630.8602",
"IC": "NSSM6",
"Purchase Order": "000175",
"Inv Date": "04-Feb-2015"
},
{
"Invoice No": "296",
"Suffix No": "146",
"FinderNo": "C",
"TC": "546",
"DC": "6T",
"Dispute No": "WC804",
"SP Code": "1L",
"Amount": "108301.8336",
"Currency": "USD",
"Trans Amt": "189349.8928",
"Rate": "1041.5313",
"IC": "NSSM6",
"Purchase Order": "000176",
"Inv Date": "04-Feb-2015"
},
{
"Invoice No": "297",
"Suffix No": "147",
"FinderNo": "C",
"TC": "547",
"DC": "6T",
"Dispute No": "WC804",
"SP Code": "1L",
"Amount": "170338.792",
"Currency": "USD",
"Trans Amt": "81304.948",
"Rate": "1950.9627",
"IC": "NSSM6",
"Purchase Order": "000177",
"Inv Date": "04-Feb-2015"
},
{
"Invoice No": "298",
"Suffix No": "148",
"FinderNo": "C",
"TC": "548",
"DC": "6T",
"Dispute No": "WC804",
"SP Code": "1L",
"Amount": "177772.5146",
"Currency": "USD",
"Trans Amt": "28388.4096",
"Rate": "1515.2913",
"IC": "NSSM6",
"Purchase Order": "000178",
"Inv Date": "04-Feb-2015"
},
{
"Invoice No": "299",
"Suffix No": "149",
"FinderNo": "C",
"TC": "549",
"DC": "6T",
"Dispute No": "WC804",
"SP Code": "1L",
"Amount": "141107.8794",
"Currency": "USD",
"Trans Amt": "54249.1031",
"Rate": "1627.2952",
"IC": "NSSM6",
"Purchase Order": "000179",
"Inv Date": "04-Feb-2015"
},
{
"Invoice No": "300",
"Suffix No": "150",
"FinderNo": "C",
"TC": "550",
"DC": "6T",
"Dispute No": "WC804",
"SP Code": "1L",
"Amount": "19110.3992",
"Currency": "USD",
"Trans Amt": "192879.3282",
"Rate": "1602.9691",
"IC": "NSSM6",
"Purchase Order": "000180",
"Inv Date": "04-Feb-2015"
}
]
}