﻿{
"items": [
{
"Invoice No": "201",
"FinderNo": "C",
"TC": "451",
"Sub": "6T",
"Inv Code": "WC804",
"SP": "1L",
"Amount": "149814.163",
"Currency": "EUR",
"W/O Amt": "10786.7621",
"Inv Date": "04-Feb-2015"
},
{
"Invoice No": "202",
"FinderNo": "C",
"TC": "452",
"Sub": "6T",
"Inv Code": "WC804",
"SP": "1L",
"Amount": "180996.5955",
"Currency": "EUR",
"W/O Amt": "13476.5258",
"Inv Date": "04-Feb-2015"
},
{
"Invoice No": "203",
"FinderNo": "C",
"TC": "453",
"Sub": "6T",
"Inv Code": "WC804",
"SP": "1L",
"Amount": "85621.6958",
"Currency": "EUR",
"W/O Amt": "189854.8677",
"Inv Date": "04-Feb-2015"
},
{
"Invoice No": "204",
"FinderNo": "C",
"TC": "454",
"Sub": "6T",
"Inv Code": "WC804",
"SP": "1L",
"Amount": "136206.1906",
"Currency": "EUR",
"W/O Amt": "15848.6071",
"Inv Date": "04-Feb-2015"
},
{
"Invoice No": "205",
"FinderNo": "C",
"TC": "455",
"Sub": "6T",
"Inv Code": "WC804",
"SP": "1L",
"Amount": "101297.5052",
"Currency": "EUR",
"W/O Amt": "21083.037",
"Inv Date": "04-Feb-2015"
},
{
"Invoice No": "206",
"FinderNo": "C",
"TC": "456",
"Sub": "6T",
"Inv Code": "WC804",
"SP": "1L",
"Amount": "96631.2039",
"Currency": "EUR",
"W/O Amt": "51726.2293",
"Inv Date": "04-Feb-2015"
},
{
"Invoice No": "207",
"FinderNo": "C",
"TC": "457",
"Sub": "6T",
"Inv Code": "WC804",
"SP": "1L",
"Amount": "188943.9789",
"Currency": "EUR",
"W/O Amt": "20456.4847",
"Inv Date": "04-Feb-2015"
},
{
"Invoice No": "208",
"FinderNo": "C",
"TC": "458",
"Sub": "6T",
"Inv Code": "WC804",
"SP": "1L",
"Amount": "185639.3476",
"Currency": "EUR",
"W/O Amt": "145946.2838",
"Inv Date": "04-Feb-2015"
},
{
"Invoice No": "209",
"FinderNo": "C",
"TC": "459",
"Sub": "6T",
"Inv Code": "WC804",
"SP": "1L",
"Amount": "128522.1935",
"Currency": "EUR",
"W/O Amt": "194134.5989",
"Inv Date": "04-Feb-2015"
},
{
"Invoice No": "210",
"FinderNo": "C",
"TC": "460",
"Sub": "6T",
"Inv Code": "WC804",
"SP": "1L",
"Amount": "130798.0031",
"Currency": "EUR",
"W/O Amt": "20702.2179",
"Inv Date": "04-Feb-2015"
},
{
"Invoice No": "211",
"FinderNo": "C",
"TC": "461",
"Sub": "6T",
"Inv Code": "WC804",
"SP": "1L",
"Amount": "27238.1701",
"Currency": "EUR",
"W/O Amt": "6811.0263",
"Inv Date": "04-Feb-2015"
},
{
"Invoice No": "212",
"FinderNo": "C",
"TC": "462",
"Sub": "6T",
"Inv Code": "WC804",
"SP": "1L",
"Amount": "67290.8764",
"Currency": "EUR",
"W/O Amt": "13875.0373",
"Inv Date": "04-Feb-2015"
},
{
"Invoice No": "213",
"FinderNo": "C",
"TC": "463",
"Sub": "6T",
"Inv Code": "WC804",
"SP": "1L",
"Amount": "117085.7184",
"Currency": "EUR",
"W/O Amt": "140541.0607",
"Inv Date": "04-Feb-2015"
},
{
"Invoice No": "214",
"FinderNo": "C",
"TC": "464",
"Sub": "6T",
"Inv Code": "WC804",
"SP": "1L",
"Amount": "168083.4386",
"Currency": "EUR",
"W/O Amt": "90346.7962",
"Inv Date": "04-Feb-2015"
},
{
"Invoice No": "215",
"FinderNo": "C",
"TC": "465",
"Sub": "6T",
"Inv Code": "WC804",
"SP": "1L",
"Amount": "49397.224",
"Currency": "EUR",
"W/O Amt": "184440.9522",
"Inv Date": "04-Feb-2015"
},
{
"Invoice No": "216",
"FinderNo": "C",
"TC": "466",
"Sub": "6T",
"Inv Code": "WC804",
"SP": "1L",
"Amount": "20417.3909",
"Currency": "EUR",
"W/O Amt": "69676.198",
"Inv Date": "04-Feb-2015"
},
{
"Invoice No": "217",
"FinderNo": "C",
"TC": "467",
"Sub": "6T",
"Inv Code": "WC804",
"SP": "1L",
"Amount": "10861.7474",
"Currency": "EUR",
"W/O Amt": "79902.4217",
"Inv Date": "04-Feb-2015"
},
{
"Invoice No": "218",
"FinderNo": "C",
"TC": "468",
"Sub": "6T",
"Inv Code": "WC804",
"SP": "1L",
"Amount": "125757.484",
"Currency": "EUR",
"W/O Amt": "50465.7956",
"Inv Date": "04-Feb-2015"
},
{
"Invoice No": "219",
"FinderNo": "C",
"TC": "469",
"Sub": "6T",
"Inv Code": "WC804",
"SP": "1L",
"Amount": "162503.6566",
"Currency": "EUR",
"W/O Amt": "132600.8891",
"Inv Date": "04-Feb-2015"
},
{
"Invoice No": "220",
"FinderNo": "C",
"TC": "470",
"Sub": "6T",
"Inv Code": "WC804",
"SP": "1L",
"Amount": "95358.7667",
"Currency": "EUR",
"W/O Amt": "27962.4805",
"Inv Date": "04-Feb-2015"
},
{
"Invoice No": "221",
"FinderNo": "C",
"TC": "471",
"Sub": "6T",
"Inv Code": "WC804",
"SP": "1L",
"Amount": "177140.5615",
"Currency": "EUR",
"W/O Amt": "138142.0307",
"Inv Date": "04-Feb-2015"
},
{
"Invoice No": "222",
"FinderNo": "C",
"TC": "472",
"Sub": "6T",
"Inv Code": "WC804",
"SP": "1L",
"Amount": "116624.0118",
"Currency": "EUR",
"W/O Amt": "12021.8254",
"Inv Date": "04-Feb-2015"
},
{
"Invoice No": "223",
"FinderNo": "C",
"TC": "473",
"Sub": "6T",
"Inv Code": "WC804",
"SP": "1L",
"Amount": "111584.7539",
"Currency": "EUR",
"W/O Amt": "38513.2725",
"Inv Date": "04-Feb-2015"
},
{
"Invoice No": "224",
"FinderNo": "C",
"TC": "474",
"Sub": "6T",
"Inv Code": "WC804",
"SP": "1L",
"Amount": "187171.4911",
"Currency": "EUR",
"W/O Amt": "137693.3294",
"Inv Date": "04-Feb-2015"
},
{
"Invoice No": "225",
"FinderNo": "C",
"TC": "475",
"Sub": "6T",
"Inv Code": "WC804",
"SP": "1L",
"Amount": "175669.8035",
"Currency": "EUR",
"W/O Amt": "137260.3374",
"Inv Date": "04-Feb-2015"
},
{
"Invoice No": "226",
"FinderNo": "C",
"TC": "476",
"Sub": "6T",
"Inv Code": "WC804",
"SP": "1L",
"Amount": "159277.9822",
"Currency": "EUR",
"W/O Amt": "122021.7182",
"Inv Date": "04-Feb-2015"
},
{
"Invoice No": "227",
"FinderNo": "C",
"TC": "477",
"Sub": "6T",
"Inv Code": "WC804",
"SP": "1L",
"Amount": "193170.0366",
"Currency": "EUR",
"W/O Amt": "32119.1428",
"Inv Date": "04-Feb-2015"
},
{
"Invoice No": "228",
"FinderNo": "C",
"TC": "478",
"Sub": "6T",
"Inv Code": "WC804",
"SP": "1L",
"Amount": "131166.6378",
"Currency": "EUR",
"W/O Amt": "88396.4086",
"Inv Date": "04-Feb-2015"
},
{
"Invoice No": "229",
"FinderNo": "C",
"TC": "479",
"Sub": "6T",
"Inv Code": "WC804",
"SP": "1L",
"Amount": "59225.2991",
"Currency": "EUR",
"W/O Amt": "94429.8117",
"Inv Date": "04-Feb-2015"
},
{
"Invoice No": "230",
"FinderNo": "C",
"TC": "480",
"Sub": "6T",
"Inv Code": "WC804",
"SP": "1L",
"Amount": "169865.5651",
"Currency": "EUR",
"W/O Amt": "121033.0734",
"Inv Date": "04-Feb-2015"
},
{
"Invoice No": "231",
"FinderNo": "C",
"TC": "481",
"Sub": "6T",
"Inv Code": "WC804",
"SP": "1L",
"Amount": "113957.4",
"Currency": "EUR",
"W/O Amt": "41755.4269",
"Inv Date": "04-Feb-2015"
},
{
"Invoice No": "232",
"FinderNo": "C",
"TC": "482",
"Sub": "6T",
"Inv Code": "WC804",
"SP": "1L",
"Amount": "98025.2157",
"Currency": "EUR",
"W/O Amt": "112780.899",
"Inv Date": "04-Feb-2015"
},
{
"Invoice No": "233",
"FinderNo": "C",
"TC": "483",
"Sub": "6T",
"Inv Code": "WC804",
"SP": "1L",
"Amount": "140918.5504",
"Currency": "EUR",
"W/O Amt": "189661.382",
"Inv Date": "04-Feb-2015"
},
{
"Invoice No": "234",
"FinderNo": "C",
"TC": "484",
"Sub": "6T",
"Inv Code": "WC804",
"SP": "1L",
"Amount": "85289.2184",
"Currency": "EUR",
"W/O Amt": "186035.6942",
"Inv Date": "04-Feb-2015"
},
{
"Invoice No": "235",
"FinderNo": "C",
"TC": "485",
"Sub": "6T",
"Inv Code": "WC804",
"SP": "1L",
"Amount": "171781.1042",
"Currency": "EUR",
"W/O Amt": "66275.1712",
"Inv Date": "04-Feb-2015"
},
{
"Invoice No": "236",
"FinderNo": "C",
"TC": "486",
"Sub": "6T",
"Inv Code": "WC804",
"SP": "1L",
"Amount": "26655.9253",
"Currency": "EUR",
"W/O Amt": "109465.5026",
"Inv Date": "04-Feb-2015"
},
{
"Invoice No": "237",
"FinderNo": "C",
"TC": "487",
"Sub": "6T",
"Inv Code": "WC804",
"SP": "1L",
"Amount": "36381.4712",
"Currency": "EUR",
"W/O Amt": "160437.8959",
"Inv Date": "04-Feb-2015"
},
{
"Invoice No": "238",
"FinderNo": "C",
"TC": "488",
"Sub": "6T",
"Inv Code": "WC804",
"SP": "1L",
"Amount": "113031.8021",
"Currency": "EUR",
"W/O Amt": "125179.6631",
"Inv Date": "04-Feb-2015"
},
{
"Invoice No": "239",
"FinderNo": "C",
"TC": "489",
"Sub": "6T",
"Inv Code": "WC804",
"SP": "1L",
"Amount": "5445.9458",
"Currency": "EUR",
"W/O Amt": "188349.3098",
"Inv Date": "04-Feb-2015"
},
{
"Invoice No": "240",
"FinderNo": "C",
"TC": "490",
"Sub": "6T",
"Inv Code": "WC804",
"SP": "1L",
"Amount": "77850.3323",
"Currency": "EUR",
"W/O Amt": "178885.4877",
"Inv Date": "04-Feb-2015"
},
{
"Invoice No": "241",
"FinderNo": "C",
"TC": "491",
"Sub": "6T",
"Inv Code": "WC804",
"SP": "1L",
"Amount": "190010.5035",
"Currency": "EUR",
"W/O Amt": "23764.574",
"Inv Date": "04-Feb-2015"
},
{
"Invoice No": "242",
"FinderNo": "C",
"TC": "492",
"Sub": "6T",
"Inv Code": "WC804",
"SP": "1L",
"Amount": "106590.4587",
"Currency": "EUR",
"W/O Amt": "128157.4313",
"Inv Date": "04-Feb-2015"
},
{
"Invoice No": "243",
"FinderNo": "C",
"TC": "493",
"Sub": "6T",
"Inv Code": "WC804",
"SP": "1L",
"Amount": "180537.3786",
"Currency": "EUR",
"W/O Amt": "136805.6897",
"Inv Date": "04-Feb-2015"
},
{
"Invoice No": "244",
"FinderNo": "C",
"TC": "494",
"Sub": "6T",
"Inv Code": "WC804",
"SP": "1L",
"Amount": "107406.5761",
"Currency": "EUR",
"W/O Amt": "160492.0297",
"Inv Date": "04-Feb-2015"
},
{
"Invoice No": "245",
"FinderNo": "C",
"TC": "495",
"Sub": "6T",
"Inv Code": "WC804",
"SP": "1L",
"Amount": "68290.2552",
"Currency": "EUR",
"W/O Amt": "158275.2283",
"Inv Date": "04-Feb-2015"
},
{
"Invoice No": "246",
"FinderNo": "C",
"TC": "496",
"Sub": "6T",
"Inv Code": "WC804",
"SP": "1L",
"Amount": "90433.1095",
"Currency": "EUR",
"W/O Amt": "186644.0421",
"Inv Date": "04-Feb-2015"
},
{
"Invoice No": "247",
"FinderNo": "C",
"TC": "497",
"Sub": "6T",
"Inv Code": "WC804",
"SP": "1L",
"Amount": "177811.5993",
"Currency": "EUR",
"W/O Amt": "142121.5127",
"Inv Date": "04-Feb-2015"
},
{
"Invoice No": "248",
"FinderNo": "C",
"TC": "498",
"Sub": "6T",
"Inv Code": "WC804",
"SP": "1L",
"Amount": "52540.1983",
"Currency": "EUR",
"W/O Amt": "147943.6652",
"Inv Date": "04-Feb-2015"
},
{
"Invoice No": "249",
"FinderNo": "C",
"TC": "499",
"Sub": "6T",
"Inv Code": "WC804",
"SP": "1L",
"Amount": "97141.0759",
"Currency": "EUR",
"W/O Amt": "130305.6016",
"Inv Date": "04-Feb-2015"
},
{
"Invoice No": "250",
"FinderNo": "C",
"TC": "500",
"Sub": "6T",
"Inv Code": "WC804",
"SP": "1L",
"Amount": "79829.2425",
"Currency": "EUR",
"W/O Amt": "38662.8307",
"Inv Date": "04-Feb-2015"
},
{
"Invoice No": "251",
"FinderNo": "C",
"TC": "501",
"Sub": "6T",
"Inv Code": "WC804",
"SP": "1L",
"Amount": "75091.3661",
"Currency": "EUR",
"W/O Amt": "176448.9876",
"Inv Date": "04-Feb-2015"
},
{
"Invoice No": "252",
"FinderNo": "C",
"TC": "502",
"Sub": "6T",
"Inv Code": "WC804",
"SP": "1L",
"Amount": "61294.4919",
"Currency": "EUR",
"W/O Amt": "189094.6048",
"Inv Date": "04-Feb-2015"
},
{
"Invoice No": "253",
"FinderNo": "C",
"TC": "503",
"Sub": "6T",
"Inv Code": "WC804",
"SP": "1L",
"Amount": "173491.9273",
"Currency": "EUR",
"W/O Amt": "100030.2924",
"Inv Date": "04-Feb-2015"
},
{
"Invoice No": "254",
"FinderNo": "C",
"TC": "504",
"Sub": "6T",
"Inv Code": "WC804",
"SP": "1L",
"Amount": "119504.3396",
"Currency": "EUR",
"W/O Amt": "162711.9669",
"Inv Date": "04-Feb-2015"
},
{
"Invoice No": "255",
"FinderNo": "C",
"TC": "505",
"Sub": "6T",
"Inv Code": "WC804",
"SP": "1L",
"Amount": "148210.3226",
"Currency": "EUR",
"W/O Amt": "169282.5413",
"Inv Date": "04-Feb-2015"
},
{
"Invoice No": "256",
"FinderNo": "C",
"TC": "506",
"Sub": "6T",
"Inv Code": "WC804",
"SP": "1L",
"Amount": "171199.1365",
"Currency": "EUR",
"W/O Amt": "151782.4348",
"Inv Date": "04-Feb-2015"
},
{
"Invoice No": "257",
"FinderNo": "C",
"TC": "507",
"Sub": "6T",
"Inv Code": "WC804",
"SP": "1L",
"Amount": "79356.5238",
"Currency": "EUR",
"W/O Amt": "60872.2773",
"Inv Date": "04-Feb-2015"
},
{
"Invoice No": "258",
"FinderNo": "C",
"TC": "508",
"Sub": "6T",
"Inv Code": "WC804",
"SP": "1L",
"Amount": "114398.3712",
"Currency": "EUR",
"W/O Amt": "58422.8965",
"Inv Date": "04-Feb-2015"
},
{
"Invoice No": "259",
"FinderNo": "C",
"TC": "509",
"Sub": "6T",
"Inv Code": "WC804",
"SP": "1L",
"Amount": "120341.7611",
"Currency": "EUR",
"W/O Amt": "137736.4428",
"Inv Date": "04-Feb-2015"
},
{
"Invoice No": "260",
"FinderNo": "C",
"TC": "510",
"Sub": "6T",
"Inv Code": "WC804",
"SP": "1L",
"Amount": "127758.5969",
"Currency": "EUR",
"W/O Amt": "126360.7697",
"Inv Date": "04-Feb-2015"
},
{
"Invoice No": "261",
"FinderNo": "C",
"TC": "511",
"Sub": "6T",
"Inv Code": "WC804",
"SP": "1L",
"Amount": "13498.6942",
"Currency": "EUR",
"W/O Amt": "110575.4099",
"Inv Date": "04-Feb-2015"
},
{
"Invoice No": "262",
"FinderNo": "C",
"TC": "512",
"Sub": "6T",
"Inv Code": "WC804",
"SP": "1L",
"Amount": "170560.1502",
"Currency": "EUR",
"W/O Amt": "125784.9698",
"Inv Date": "04-Feb-2015"
},
{
"Invoice No": "263",
"FinderNo": "C",
"TC": "513",
"Sub": "6T",
"Inv Code": "WC804",
"SP": "1L",
"Amount": "25888.7655",
"Currency": "EUR",
"W/O Amt": "5574.8964",
"Inv Date": "04-Feb-2015"
},
{
"Invoice No": "264",
"FinderNo": "C",
"TC": "514",
"Sub": "6T",
"Inv Code": "WC804",
"SP": "1L",
"Amount": "72454.5134",
"Currency": "EUR",
"W/O Amt": "152268.8125",
"Inv Date": "04-Feb-2015"
},
{
"Invoice No": "265",
"FinderNo": "C",
"TC": "515",
"Sub": "6T",
"Inv Code": "WC804",
"SP": "1L",
"Amount": "55881.6355",
"Currency": "EUR",
"W/O Amt": "76618.923",
"Inv Date": "04-Feb-2015"
},
{
"Invoice No": "266",
"FinderNo": "C",
"TC": "516",
"Sub": "6T",
"Inv Code": "WC804",
"SP": "1L",
"Amount": "58469.429",
"Currency": "EUR",
"W/O Amt": "189918.196",
"Inv Date": "04-Feb-2015"
},
{
"Invoice No": "267",
"FinderNo": "C",
"TC": "517",
"Sub": "6T",
"Inv Code": "WC804",
"SP": "1L",
"Amount": "84443.92",
"Currency": "EUR",
"W/O Amt": "90141.7349",
"Inv Date": "04-Feb-2015"
},
{
"Invoice No": "268",
"FinderNo": "C",
"TC": "518",
"Sub": "6T",
"Inv Code": "WC804",
"SP": "1L",
"Amount": "84516.3338",
"Currency": "EUR",
"W/O Amt": "182644.0949",
"Inv Date": "04-Feb-2015"
},
{
"Invoice No": "269",
"FinderNo": "C",
"TC": "519",
"Sub": "6T",
"Inv Code": "WC804",
"SP": "1L",
"Amount": "110966.355",
"Currency": "EUR",
"W/O Amt": "60846.779",
"Inv Date": "04-Feb-2015"
},
{
"Invoice No": "270",
"FinderNo": "C",
"TC": "520",
"Sub": "6T",
"Inv Code": "WC804",
"SP": "1L",
"Amount": "83112.0372",
"Currency": "EUR",
"W/O Amt": "99227.5014",
"Inv Date": "04-Feb-2015"
},
{
"Invoice No": "271",
"FinderNo": "C",
"TC": "521",
"Sub": "6T",
"Inv Code": "WC804",
"SP": "1L",
"Amount": "113396.0926",
"Currency": "EUR",
"W/O Amt": "111109.4096",
"Inv Date": "04-Feb-2015"
},
{
"Invoice No": "272",
"FinderNo": "C",
"TC": "522",
"Sub": "6T",
"Inv Code": "WC804",
"SP": "1L",
"Amount": "27955.7514",
"Currency": "EUR",
"W/O Amt": "71976.911",
"Inv Date": "04-Feb-2015"
},
{
"Invoice No": "273",
"FinderNo": "C",
"TC": "523",
"Sub": "6T",
"Inv Code": "WC804",
"SP": "1L",
"Amount": "119978.1169",
"Currency": "EUR",
"W/O Amt": "138693.5716",
"Inv Date": "04-Feb-2015"
},
{
"Invoice No": "274",
"FinderNo": "C",
"TC": "524",
"Sub": "6T",
"Inv Code": "WC804",
"SP": "1L",
"Amount": "115049.4566",
"Currency": "EUR",
"W/O Amt": "54919.1135",
"Inv Date": "04-Feb-2015"
},
{
"Invoice No": "275",
"FinderNo": "C",
"TC": "525",
"Sub": "6T",
"Inv Code": "WC804",
"SP": "1L",
"Amount": "78987.1455",
"Currency": "EUR",
"W/O Amt": "175705.7311",
"Inv Date": "04-Feb-2015"
},
{
"Invoice No": "276",
"FinderNo": "C",
"TC": "526",
"Sub": "6T",
"Inv Code": "WC804",
"SP": "1L",
"Amount": "181086.5133",
"Currency": "EUR",
"W/O Amt": "109290.1368",
"Inv Date": "04-Feb-2015"
},
{
"Invoice No": "277",
"FinderNo": "C",
"TC": "527",
"Sub": "6T",
"Inv Code": "WC804",
"SP": "1L",
"Amount": "87481.8626",
"Currency": "EUR",
"W/O Amt": "91036.7425",
"Inv Date": "04-Feb-2015"
},
{
"Invoice No": "278",
"FinderNo": "C",
"TC": "528",
"Sub": "6T",
"Inv Code": "WC804",
"SP": "1L",
"Amount": "117035.3471",
"Currency": "EUR",
"W/O Amt": "27051.8699",
"Inv Date": "04-Feb-2015"
},
{
"Invoice No": "279",
"FinderNo": "C",
"TC": "529",
"Sub": "6T",
"Inv Code": "WC804",
"SP": "1L",
"Amount": "76679.4507",
"Currency": "EUR",
"W/O Amt": "150499.3342",
"Inv Date": "04-Feb-2015"
},
{
"Invoice No": "280",
"FinderNo": "C",
"TC": "530",
"Sub": "6T",
"Inv Code": "WC804",
"SP": "1L",
"Amount": "33662.8865",
"Currency": "EUR",
"W/O Amt": "71452.1273",
"Inv Date": "04-Feb-2015"
},
{
"Invoice No": "281",
"FinderNo": "C",
"TC": "531",
"Sub": "6T",
"Inv Code": "WC804",
"SP": "1L",
"Amount": "3130.4485",
"Currency": "EUR",
"W/O Amt": "190786.962",
"Inv Date": "04-Feb-2015"
},
{
"Invoice No": "282",
"FinderNo": "C",
"TC": "532",
"Sub": "6T",
"Inv Code": "WC804",
"SP": "1L",
"Amount": "6170.8926",
"Currency": "EUR",
"W/O Amt": "102442.1069",
"Inv Date": "04-Feb-2015"
},
{
"Invoice No": "283",
"FinderNo": "C",
"TC": "533",
"Sub": "6T",
"Inv Code": "WC804",
"SP": "1L",
"Amount": "161443.3522",
"Currency": "EUR",
"W/O Amt": "143821.3934",
"Inv Date": "04-Feb-2015"
},
{
"Invoice No": "284",
"FinderNo": "C",
"TC": "534",
"Sub": "6T",
"Inv Code": "WC804",
"SP": "1L",
"Amount": "6211.6467",
"Currency": "EUR",
"W/O Amt": "59996.0006",
"Inv Date": "04-Feb-2015"
},
{
"Invoice No": "285",
"FinderNo": "C",
"TC": "535",
"Sub": "6T",
"Inv Code": "WC804",
"SP": "1L",
"Amount": "192080.8413",
"Currency": "EUR",
"W/O Amt": "116241.5211",
"Inv Date": "04-Feb-2015"
},
{
"Invoice No": "286",
"FinderNo": "C",
"TC": "536",
"Sub": "6T",
"Inv Code": "WC804",
"SP": "1L",
"Amount": "93601.3951",
"Currency": "EUR",
"W/O Amt": "20073.6628",
"Inv Date": "04-Feb-2015"
},
{
"Invoice No": "287",
"FinderNo": "C",
"TC": "537",
"Sub": "6T",
"Inv Code": "WC804",
"SP": "1L",
"Amount": "27152.4987",
"Currency": "EUR",
"W/O Amt": "65691.7178",
"Inv Date": "04-Feb-2015"
},
{
"Invoice No": "288",
"FinderNo": "C",
"TC": "538",
"Sub": "6T",
"Inv Code": "WC804",
"SP": "1L",
"Amount": "22234.7834",
"Currency": "EUR",
"W/O Amt": "195105.0346",
"Inv Date": "04-Feb-2015"
},
{
"Invoice No": "289",
"FinderNo": "C",
"TC": "539",
"Sub": "6T",
"Inv Code": "WC804",
"SP": "1L",
"Amount": "54190.976",
"Currency": "EUR",
"W/O Amt": "95472.7147",
"Inv Date": "04-Feb-2015"
},
{
"Invoice No": "290",
"FinderNo": "C",
"TC": "540",
"Sub": "6T",
"Inv Code": "WC804",
"SP": "1L",
"Amount": "96819.384",
"Currency": "EUR",
"W/O Amt": "83573.3482",
"Inv Date": "04-Feb-2015"
},
{
"Invoice No": "291",
"FinderNo": "C",
"TC": "541",
"Sub": "6T",
"Inv Code": "WC804",
"SP": "1L",
"Amount": "72830.3815",
"Currency": "EUR",
"W/O Amt": "196487.5962",
"Inv Date": "04-Feb-2015"
},
{
"Invoice No": "292",
"FinderNo": "C",
"TC": "542",
"Sub": "6T",
"Inv Code": "WC804",
"SP": "1L",
"Amount": "158235.9299",
"Currency": "EUR",
"W/O Amt": "10975.4444",
"Inv Date": "04-Feb-2015"
},
{
"Invoice No": "293",
"FinderNo": "C",
"TC": "543",
"Sub": "6T",
"Inv Code": "WC804",
"SP": "1L",
"Amount": "194692.8512",
"Currency": "EUR",
"W/O Amt": "23105.5365",
"Inv Date": "04-Feb-2015"
},
{
"Invoice No": "294",
"FinderNo": "C",
"TC": "544",
"Sub": "6T",
"Inv Code": "WC804",
"SP": "1L",
"Amount": "167543.3118",
"Currency": "EUR",
"W/O Amt": "63881.0344",
"Inv Date": "04-Feb-2015"
},
{
"Invoice No": "295",
"FinderNo": "C",
"TC": "545",
"Sub": "6T",
"Inv Code": "WC804",
"SP": "1L",
"Amount": "67004.9912",
"Currency": "EUR",
"W/O Amt": "57259.9101",
"Inv Date": "04-Feb-2015"
},
{
"Invoice No": "296",
"FinderNo": "C",
"TC": "546",
"Sub": "6T",
"Inv Code": "WC804",
"SP": "1L",
"Amount": "33790.8841",
"Currency": "EUR",
"W/O Amt": "156216.7671",
"Inv Date": "04-Feb-2015"
},
{
"Invoice No": "297",
"FinderNo": "C",
"TC": "547",
"Sub": "6T",
"Inv Code": "WC804",
"SP": "1L",
"Amount": "30491.4157",
"Currency": "EUR",
"W/O Amt": "29030.2361",
"Inv Date": "04-Feb-2015"
},
{
"Invoice No": "298",
"FinderNo": "C",
"TC": "548",
"Sub": "6T",
"Inv Code": "WC804",
"SP": "1L",
"Amount": "127617.7026",
"Currency": "EUR",
"W/O Amt": "165041.7748",
"Inv Date": "04-Feb-2015"
},
{
"Invoice No": "299",
"FinderNo": "C",
"TC": "549",
"Sub": "6T",
"Inv Code": "WC804",
"SP": "1L",
"Amount": "153219.1099",
"Currency": "EUR",
"W/O Amt": "103500.9448",
"Inv Date": "04-Feb-2015"
},
{
"Invoice No": "300",
"FinderNo": "C",
"TC": "550",
"Sub": "6T",
"Inv Code": "WC804",
"SP": "1L",
"Amount": "5978.9601",
"Currency": "EUR",
"W/O Amt": "12299.8795",
"Inv Date": "04-Feb-2015"
}
]
}