[
  {
    "InvNo": "   C0146064080"
  },
  {
    "InvNo": "   C0146064081"
  },
  {
    "InvNo": "   C0146064082"
  },
  {
    "InvNo": "   C0146064083"
  },
  {
    "InvNo": "   C0146064084"
  },
  {
    "InvNo": "   C0146064085"
  },
  {
    "InvNo": "   C0146064086"
  },
  {
    "InvNo": "   C0146064087"
  },
  {
    "InvNo": "   C0146064088"
  },
  {
    "InvNo": "   C0146064089"
  },
  {
    "InvNo": "   C01460640810"
  },
  {
    "InvNo": "   C01460640811"
  },
  {
    "InvNo": "   C01460640812"
  },
  {
    "InvNo": "   C01460640813"
  },
  {
    "InvNo": "   C01460640814"
  },
  {
    "InvNo": "   C01460640815"
  },
  {
    "InvNo": "   C01460640816"
  },
  {
    "InvNo": "   C01460640817"
  },
  {
    "InvNo": "   C01460640818"
  },
  {
    "InvNo": "   C01460640819"
  },
  {
    "InvNo": "   C01460640820"
  },
  {
    "InvNo": "   C01460640821"
  },
  {
    "InvNo": "   C01460640822"
  },
  {
    "InvNo": "   C01460640823"
  },
  {
    "InvNo": "   C01460640824"
  },
  {
    "InvNo": "   C01460640825"
  },
  {
    "InvNo": "   C01460640826"
  },
  {
    "InvNo": "   C01460640827"
  },
  {
    "InvNo": "   C01460640828"
  },
  {
    "InvNo": "   C01460640829"
  },
  {
    "InvNo": "   C01460640830"
  },
  {
    "InvNo": "   C01460640831"
  },
  {
    "InvNo": "   C01460640832"
  },
  {
    "InvNo": "   C01460640833"
  },
  {
    "InvNo": "   C01460640834"
  },
  {
    "InvNo": "   C01460640835"
  },
  {
    "InvNo": "   C01460640836"
  },
  {
    "InvNo": "   C01460640837"
  },
  {
    "InvNo": "   C01460640838"
  },
  {
    "InvNo": "   C01460640839"
  },
  {
    "InvNo": "   C01460640840"
  },
  {
    "InvNo": "   C01460640841"
  },
  {
    "InvNo": "   C01460640842"
  },
  {
    "InvNo": "   C01460640843"
  },
  {
    "InvNo": "   C01460640844"
  },
  {
    "InvNo": "   C01460640845"
  },
  {
    "InvNo": "   C01460640846"
  },
  {
    "InvNo": "   C01460640847"
  },
  {
    "InvNo": "   C01460640848"
  },
  {
    "InvNo": "   C01460640849"
  },
  {
    "InvNo": "   C01460640850"
  },
  {
    "InvNo": "   C01460640851"
  },
  {
    "InvNo": "   C01460640852"
  },
  {
    "InvNo": "   C01460640853"
  },
  {
    "InvNo": "   C01460640854"
  },
  {
    "InvNo": "   C01460640855"
  },
  {
    "InvNo": "   C01460640856"
  },
  {
    "InvNo": "   C01460640857"
  },
  {
    "InvNo": "   C01460640858"
  },
  {
    "InvNo": "   C01460640859"
  },
  {
    "InvNo": "   C01460640860"
  },
  {
    "InvNo": "   C01460640861"
  },
  {
    "InvNo": "   C01460640862"
  },
  {
    "InvNo": "   C01460640863"
  },
  {
    "InvNo": "   C01460640864"
  },
  {
    "InvNo": "   C01460640865"
  },
  {
    "InvNo": "   C01460640866"
  },
  {
    "InvNo": "   C01460640867"
  },
  {
    "InvNo": "   C01460640868"
  },
  {
    "InvNo": "   C01460640869"
  },
  {
    "InvNo": "   C01460640870"
  },
  {
    "InvNo": "   C01460640871"
  },
  {
    "InvNo": "   C01460640872"
  },
  {
    "InvNo": "   C01460640873"
  },
  {
    "InvNo": "   C01460640874"
  },
  {
    "InvNo": "   C01460640875"
  },
  {
    "InvNo": "   C01460640876"
  },
  {
    "InvNo": "   C01460640877"
  },
  {
    "InvNo": "   C01460640878"
  },
  {
    "InvNo": "   C01460640879"
  },
  {
    "InvNo": "   C01460640880"
  },
  {
    "InvNo": "   C01460640881"
  },
  {
    "InvNo": "   C01460640882"
  },
  {
    "InvNo": "   C01460640883"
  },
  {
    "InvNo": "   C01460640884"
  },
  {
    "InvNo": "   C01460640885"
  },
  {
    "InvNo": "   C01460640886"
  },
  {
    "InvNo": "   C01460640887"
  },
  {
    "InvNo": "   C01460640888"
  },
  {
    "InvNo": "   C01460640889"
  },
  {
    "InvNo": "   C01460640890"
  },
  {
    "InvNo": "   C01460640891"
  },
  {
    "InvNo": "   C01460640892"
  },
  {
    "InvNo": "   C01460640893"
  },
  {
    "InvNo": "   C01460640894"
  },
  {
    "InvNo": "   C01460640895"
  },
  {
    "InvNo": "   C01460640896"
  },
  {
    "InvNo": "   C01460640897"
  },
  {
    "InvNo": "   C01460640898"
  },
  {
    "InvNo": "   C01460640899"
  },
  {
    "InvNo": "   C014606408100"
  },
  {
    "InvNo": "   C014606408101"
  },
  {
    "InvNo": "   C014606408102"
  },
  {
    "InvNo": "   C014606408103"
  },
  {
    "InvNo": "   C014606408104"
  },
  {
    "InvNo": "   C014606408105"
  },
  {
    "InvNo": "   C014606408106"
  },
  {
    "InvNo": "   C014606408107"
  },
  {
    "InvNo": "   C014606408108"
  },
  {
    "InvNo": "   C014606408109"
  },
  {
    "InvNo": "   C014606408110"
  },
  {
    "InvNo": "   C014606408111"
  },
  {
    "InvNo": "   C014606408112"
  },
  {
    "InvNo": "   C014606408113"
  },
  {
    "InvNo": "   C014606408114"
  },
  {
    "InvNo": "   C014606408115"
  },
  {
    "InvNo": "   C014606408116"
  },
  {
    "InvNo": "   C014606408117"
  },
  {
    "InvNo": "   C014606408118"
  },
  {
    "InvNo": "   C014606408119"
  },
  {
    "InvNo": "   C014606408120"
  },
  {
    "InvNo": "   C014606408121"
  },
  {
    "InvNo": "   C014606408122"
  },
  {
    "InvNo": "   C014606408123"
  },
  {
    "InvNo": "   C014606408124"
  },
  {
    "InvNo": "   C014606408125"
  },
  {
    "InvNo": "   C014606408126"
  },
  {
    "InvNo": "   C014606408127"
  },
  {
    "InvNo": "   C014606408128"
  },
  {
    "InvNo": "   C014606408129"
  },
  {
    "InvNo": "   C014606408130"
  },
  {
    "InvNo": "   C014606408131"
  },
  {
    "InvNo": "   C014606408132"
  },
  {
    "InvNo": "   C014606408133"
  },
  {
    "InvNo": "   C014606408134"
  },
  {
    "InvNo": "   C014606408135"
  },
  {
    "InvNo": "   C014606408136"
  },
  {
    "InvNo": "   C014606408137"
  },
  {
    "InvNo": "   C014606408138"
  },
  {
    "InvNo": "   C014606408139"
  },
  {
    "InvNo": "   C014606408140"
  },
  {
    "InvNo": "   C014606408141"
  },
  {
    "InvNo": "   C014606408142"
  },
  {
    "InvNo": "   C014606408143"
  },
  {
    "InvNo": "   C014606408144"
  },
  {
    "InvNo": "   C014606408145"
  },
  {
    "InvNo": "   C014606408146"
  },
  {
    "InvNo": "   C014606408147"
  },
  {
    "InvNo": "   C014606408148"
  },
  {
    "InvNo": "   C014606408149"
  },
  {
    "InvNo": "   C014606408150"
  },
  {
    "InvNo": "   C014606408151"
  },
  {
    "InvNo": "   C014606408152"
  },
  {
    "InvNo": "   C014606408153"
  },
  {
    "InvNo": "   C014606408154"
  },
  {
    "InvNo": "   C014606408155"
  },
  {
    "InvNo": "   C014606408156"
  },
  {
    "InvNo": "   C014606408157"
  },
  {
    "InvNo": "   C014606408158"
  },
  {
    "InvNo": "   C014606408159"
  },
  {
    "InvNo": "   C014606408160"
  },
  {
    "InvNo": "   C014606408161"
  },
  {
    "InvNo": "   C014606408162"
  },
  {
    "InvNo": "   C014606408163"
  },
  {
    "InvNo": "   C014606408164"
  },
  {
    "InvNo": "   C014606408165"
  },
  {
    "InvNo": "   C014606408166"
  },
  {
    "InvNo": "   C014606408167"
  },
  {
    "InvNo": "   C014606408168"
  },
  {
    "InvNo": "   C014606408169"
  },
  {
    "InvNo": "   C014606408170"
  },
  {
    "InvNo": "   C014606408171"
  },
  {
    "InvNo": "   C014606408172"
  },
  {
    "InvNo": "   C014606408173"
  },
  {
    "InvNo": "   C014606408174"
  },
  {
    "InvNo": "   C014606408175"
  },
  {
    "InvNo": "   C014606408176"
  },
  {
    "InvNo": "   C014606408177"
  },
  {
    "InvNo": "   C014606408178"
  },
  {
    "InvNo": "   C014606408179"
  },
  {
    "InvNo": "   C014606408180"
  },
  {
    "InvNo": "   C014606408181"
  },
  {
    "InvNo": "   C014606408182"
  },
  {
    "InvNo": "   C014606408183"
  },
  {
    "InvNo": "   C014606408184"
  },
  {
    "InvNo": "   C014606408185"
  },
  {
    "InvNo": "   C014606408186"
  },
  {
    "InvNo": "   C014606408187"
  },
  {
    "InvNo": "   C014606408188"
  },
  {
    "InvNo": "   C014606408189"
  },
  {
    "InvNo": "   C014606408190"
  },
  {
    "InvNo": "   C014606408191"
  },
  {
    "InvNo": "   C014606408192"
  },
  {
    "InvNo": "   C014606408193"
  },
  {
    "InvNo": "   C014606408194"
  },
  {
    "InvNo": "   C014606408195"
  },
  {
    "InvNo": "   C014606408196"
  },
  {
    "InvNo": "   C014606408197"
  },
  {
    "InvNo": "   C014606408198"
  },
  {
    "InvNo": "   C014606408199"
  },
  {
    "InvNo": "   C014606408200"
  },
  {
    "InvNo": "   C014606408201"
  },
  {
    "InvNo": "   C014606408202"
  },
  {
    "InvNo": "   C014606408203"
  },
  {
    "InvNo": "   C014606408204"
  },
  {
    "InvNo": "   C014606408205"
  },
  {
    "InvNo": "   C014606408206"
  },
  {
    "InvNo": "   C014606408207"
  },
  {
    "InvNo": "   C014606408208"
  },
  {
    "InvNo": "   C014606408209"
  },
  {
    "InvNo": "   C014606408210"
  },
  {
    "InvNo": "   C014606408211"
  },
  {
    "InvNo": "   C014606408212"
  },
  {
    "InvNo": "   C014606408213"
  },
  {
    "InvNo": "   C014606408214"
  },
  {
    "InvNo": "   C014606408215"
  },
  {
    "InvNo": "   C014606408216"
  },
  {
    "InvNo": "   C014606408217"
  },
  {
    "InvNo": "   C014606408218"
  },
  {
    "InvNo": "   C014606408219"
  },
  {
    "InvNo": "   C014606408220"
  },
  {
    "InvNo": "   C014606408221"
  },
  {
    "InvNo": "   C014606408222"
  },
  {
    "InvNo": "   C014606408223"
  },
  {
    "InvNo": "   C014606408224"
  },
  {
    "InvNo": "   C014606408225"
  },
  {
    "InvNo": "   C014606408226"
  }
]