[
  {
    "SufixNo": "ABCD0"
  },
  {
    "SufixNo": "ABCD1"
  },
  {
    "SufixNo": "ABCD2"
  },
  {
    "SufixNo": "ABCD3"
  },
  {
    "SufixNo": "ABCD4"
  },
  {
    "SufixNo": "ABCD5"
  },
  {
    "SufixNo": "ABCD6"
  },
  {
    "SufixNo": "ABCD7"
  },
  {
    "SufixNo": "ABCD8"
  },
  {
    "SufixNo": "ABCD9"
  },
  {
    "SufixNo": "ABCD10"
  },
  {
    "SufixNo": "ABCD11"
  },
  {
    "SufixNo": "ABCD12"
  },
  {
    "SufixNo": "ABCD13"
  },
  {
    "SufixNo": "ABCD14"
  },
  {
    "SufixNo": "ABCD15"
  },
  {
    "SufixNo": "ABCD16"
  },
  {
    "SufixNo": "ABCD17"
  },
  {
    "SufixNo": "ABCD18"
  },
  {
    "SufixNo": "ABCD19"
  },
  {
    "SufixNo": "ABCD20"
  },
  {
    "SufixNo": "ABCD21"
  },
  {
    "SufixNo": "ABCD22"
  },
  {
    "SufixNo": "ABCD23"
  },
  {
    "SufixNo": "ABCD24"
  },
  {
    "SufixNo": "ABCD25"
  },
  {
    "SufixNo": "ABCD26"
  },
  {
    "SufixNo": "ABCD27"
  },
  {
    "SufixNo": "ABCD28"
  },
  {
    "SufixNo": "ABCD29"
  },
  {
    "SufixNo": "ABCD30"
  },
  {
    "SufixNo": "ABCD31"
  },
  {
    "SufixNo": "ABCD32"
  },
  {
    "SufixNo": "ABCD33"
  },
  {
    "SufixNo": "ABCD34"
  },
  {
    "SufixNo": "ABCD35"
  },
  {
    "SufixNo": "ABCD36"
  },
  {
    "SufixNo": "ABCD37"
  },
  {
    "SufixNo": "ABCD38"
  },
  {
    "SufixNo": "ABCD39"
  },
  {
    "SufixNo": "ABCD40"
  },
  {
    "SufixNo": "ABCD41"
  },
  {
    "SufixNo": "ABCD42"
  },
  {
    "SufixNo": "ABCD43"
  },
  {
    "SufixNo": "ABCD44"
  },
  {
    "SufixNo": "ABCD45"
  },
  {
    "SufixNo": "ABCD46"
  },
  {
    "SufixNo": "ABCD47"
  },
  {
    "SufixNo": "ABCD48"
  },
  {
    "SufixNo": "ABCD49"
  },
  {
    "SufixNo": "ABCD50"
  },
  {
    "SufixNo": "ABCD51"
  },
  {
    "SufixNo": "ABCD52"
  },
  {
    "SufixNo": "ABCD53"
  },
  {
    "SufixNo": "ABCD54"
  },
  {
    "SufixNo": "ABCD55"
  },
  {
    "SufixNo": "ABCD56"
  },
  {
    "SufixNo": "ABCD57"
  },
  {
    "SufixNo": "ABCD58"
  },
  {
    "SufixNo": "ABCD59"
  },
  {
    "SufixNo": "ABCD60"
  },
  {
    "SufixNo": "ABCD61"
  },
  {
    "SufixNo": "ABCD62"
  },
  {
    "SufixNo": "ABCD63"
  },
  {
    "SufixNo": "ABCD64"
  },
  {
    "SufixNo": "ABCD65"
  },
  {
    "SufixNo": "ABCD66"
  },
  {
    "SufixNo": "ABCD67"
  },
  {
    "SufixNo": "ABCD68"
  },
  {
    "SufixNo": "ABCD69"
  },
  {
    "SufixNo": "ABCD70"
  },
  {
    "SufixNo": "ABCD71"
  },
  {
    "SufixNo": "ABCD72"
  },
  {
    "SufixNo": "ABCD73"
  },
  {
    "SufixNo": "ABCD74"
  },
  {
    "SufixNo": "ABCD75"
  },
  {
    "SufixNo": "ABCD76"
  },
  {
    "SufixNo": "ABCD77"
  },
  {
    "SufixNo": "ABCD78"
  },
  {
    "SufixNo": "ABCD79"
  },
  {
    "SufixNo": "ABCD80"
  },
  {
    "SufixNo": "ABCD81"
  },
  {
    "SufixNo": "ABCD82"
  },
  {
    "SufixNo": "ABCD83"
  },
  {
    "SufixNo": "ABCD84"
  },
  {
    "SufixNo": "ABCD85"
  },
  {
    "SufixNo": "ABCD86"
  },
  {
    "SufixNo": "ABCD87"
  },
  {
    "SufixNo": "ABCD88"
  },
  {
    "SufixNo": "ABCD89"
  },
  {
    "SufixNo": "ABCD90"
  },
  {
    "SufixNo": "ABCD91"
  },
  {
    "SufixNo": "ABCD92"
  },
  {
    "SufixNo": "ABCD93"
  },
  {
    "SufixNo": "ABCD94"
  },
  {
    "SufixNo": "ABCD95"
  },
  {
    "SufixNo": "ABCD96"
  },
  {
    "SufixNo": "ABCD97"
  },
  {
    "SufixNo": "ABCD98"
  },
  {
    "SufixNo": "ABCD99"
  },
  {
    "SufixNo": "ABCD100"
  },
  {
    "SufixNo": "ABCD101"
  },
  {
    "SufixNo": "ABCD102"
  },
  {
    "SufixNo": "ABCD103"
  },
  {
    "SufixNo": "ABCD104"
  },
  {
    "SufixNo": "ABCD105"
  },
  {
    "SufixNo": "ABCD106"
  },
  {
    "SufixNo": "ABCD107"
  },
  {
    "SufixNo": "ABCD108"
  },
  {
    "SufixNo": "ABCD109"
  },
  {
    "SufixNo": "ABCD110"
  },
  {
    "SufixNo": "ABCD111"
  },
  {
    "SufixNo": "ABCD112"
  },
  {
    "SufixNo": "ABCD113"
  },
  {
    "SufixNo": "ABCD114"
  },
  {
    "SufixNo": "ABCD115"
  },
  {
    "SufixNo": "ABCD116"
  },
  {
    "SufixNo": "ABCD117"
  },
  {
    "SufixNo": "ABCD118"
  },
  {
    "SufixNo": "ABCD119"
  },
  {
    "SufixNo": "ABCD120"
  },
  {
    "SufixNo": "ABCD121"
  },
  {
    "SufixNo": "ABCD122"
  },
  {
    "SufixNo": "ABCD123"
  },
  {
    "SufixNo": "ABCD124"
  },
  {
    "SufixNo": "ABCD125"
  },
  {
    "SufixNo": "ABCD126"
  },
  {
    "SufixNo": "ABCD127"
  },
  {
    "SufixNo": "ABCD128"
  },
  {
    "SufixNo": "ABCD129"
  },
  {
    "SufixNo": "ABCD130"
  },
  {
    "SufixNo": "ABCD131"
  },
  {
    "SufixNo": "ABCD132"
  },
  {
    "SufixNo": "ABCD133"
  },
  {
    "SufixNo": "ABCD134"
  },
  {
    "SufixNo": "ABCD135"
  },
  {
    "SufixNo": "ABCD136"
  },
  {
    "SufixNo": "ABCD137"
  },
  {
    "SufixNo": "ABCD138"
  },
  {
    "SufixNo": "ABCD139"
  },
  {
    "SufixNo": "ABCD140"
  },
  {
    "SufixNo": "ABCD141"
  },
  {
    "SufixNo": "ABCD142"
  },
  {
    "SufixNo": "ABCD143"
  },
  {
    "SufixNo": "ABCD144"
  },
  {
    "SufixNo": "ABCD145"
  },
  {
    "SufixNo": "ABCD146"
  },
  {
    "SufixNo": "ABCD147"
  },
  {
    "SufixNo": "ABCD148"
  },
  {
    "SufixNo": "ABCD149"
  },
  {
    "SufixNo": "ABCD150"
  },
  {
    "SufixNo": "ABCD151"
  },
  {
    "SufixNo": "ABCD152"
  },
  {
    "SufixNo": "ABCD153"
  },
  {
    "SufixNo": "ABCD154"
  },
  {
    "SufixNo": "ABCD155"
  },
  {
    "SufixNo": "ABCD156"
  },
  {
    "SufixNo": "ABCD157"
  },
  {
    "SufixNo": "ABCD158"
  },
  {
    "SufixNo": "ABCD159"
  },
  {
    "SufixNo": "ABCD160"
  },
  {
    "SufixNo": "ABCD161"
  },
  {
    "SufixNo": "ABCD162"
  },
  {
    "SufixNo": "ABCD163"
  },
  {
    "SufixNo": "ABCD164"
  },
  {
    "SufixNo": "ABCD165"
  },
  {
    "SufixNo": "ABCD166"
  },
  {
    "SufixNo": "ABCD167"
  },
  {
    "SufixNo": "ABCD168"
  },
  {
    "SufixNo": "ABCD169"
  },
  {
    "SufixNo": "ABCD170"
  },
  {
    "SufixNo": "ABCD171"
  },
  {
    "SufixNo": "ABCD172"
  },
  {
    "SufixNo": "ABCD173"
  },
  {
    "SufixNo": "ABCD174"
  },
  {
    "SufixNo": "ABCD175"
  },
  {
    "SufixNo": "ABCD176"
  },
  {
    "SufixNo": "ABCD177"
  },
  {
    "SufixNo": "ABCD178"
  },
  {
    "SufixNo": "ABCD179"
  },
  {
    "SufixNo": "ABCD180"
  },
  {
    "SufixNo": "ABCD181"
  },
  {
    "SufixNo": "ABCD182"
  },
  {
    "SufixNo": "ABCD183"
  },
  {
    "SufixNo": "ABCD184"
  },
  {
    "SufixNo": "ABCD185"
  },
  {
    "SufixNo": "ABCD186"
  },
  {
    "SufixNo": "ABCD187"
  },
  {
    "SufixNo": "ABCD188"
  },
  {
    "SufixNo": "ABCD189"
  },
  {
    "SufixNo": "ABCD190"
  },
  {
    "SufixNo": "ABCD191"
  },
  {
    "SufixNo": "ABCD192"
  },
  {
    "SufixNo": "ABCD193"
  },
  {
    "SufixNo": "ABCD194"
  },
  {
    "SufixNo": "ABCD195"
  },
  {
    "SufixNo": "ABCD196"
  },
  {
    "SufixNo": "ABCD197"
  },
  {
    "SufixNo": "ABCD198"
  },
  {
    "SufixNo": "ABCD199"
  },
  {
    "SufixNo": "ABCD200"
  },
  {
    "SufixNo": "ABCD201"
  },
  {
    "SufixNo": "ABCD202"
  },
  {
    "SufixNo": "ABCD203"
  },
  {
    "SufixNo": "ABCD204"
  },
  {
    "SufixNo": "ABCD205"
  },
  {
    "SufixNo": "ABCD206"
  },
  {
    "SufixNo": "ABCD207"
  },
  {
    "SufixNo": "ABCD208"
  },
  {
    "SufixNo": "ABCD209"
  },
  {
    "SufixNo": "ABCD210"
  },
  {
    "SufixNo": "ABCD211"
  },
  {
    "SufixNo": "ABCD212"
  },
  {
    "SufixNo": "ABCD213"
  },
  {
    "SufixNo": "ABCD214"
  },
  {
    "SufixNo": "ABCD215"
  },
  {
    "SufixNo": "ABCD216"
  },
  {
    "SufixNo": "ABCD217"
  },
  {
    "SufixNo": "ABCD218"
  },
  {
    "SufixNo": "ABCD219"
  },
  {
    "SufixNo": "ABCD220"
  },
  {
    "SufixNo": "ABCD221"
  },
  {
    "SufixNo": "ABCD222"
  },
  {
    "SufixNo": "ABCD223"
  },
  {
    "SufixNo": "ABCD224"
  },
  {
    "SufixNo": "ABCD225"
  },
  {
    "SufixNo": "ABCD226"
  },
  {
    "SufixNo": "ABCD227"
  },
  {
    "SufixNo": "ABCD228"
  },
  {
    "SufixNo": "ABCD229"
  },
  {
    "SufixNo": "ABCD230"
  },
  {
    "SufixNo": "ABCD231"
  },
  {
    "SufixNo": "ABCD232"
  },
  {
    "SufixNo": "ABCD233"
  },
  {
    "SufixNo": "ABCD234"
  },
  {
    "SufixNo": "ABCD235"
  },
  {
    "SufixNo": "ABCD236"
  },
  {
    "SufixNo": "ABCD237"
  },
  {
    "SufixNo": "ABCD238"
  },
  {
    "SufixNo": "ABCD239"
  },
  {
    "SufixNo": "ABCD240"
  },
  {
    "SufixNo": "ABCD241"
  },
  {
    "SufixNo": "ABCD242"
  },
  {
    "SufixNo": "ABCD243"
  },
  {
    "SufixNo": "ABCD244"
  },
  {
    "SufixNo": "ABCD245"
  },
  {
    "SufixNo": "ABCD246"
  },
  {
    "SufixNo": "ABCD247"
  },
  {
    "SufixNo": "ABCD248"
  },
  {
    "SufixNo": "ABCD249"
  },
  {
    "SufixNo": "ABCD250"
  },
  {
    "SufixNo": "ABCD251"
  },
  {
    "SufixNo": "ABCD252"
  },
  {
    "SufixNo": "ABCD253"
  },
  {
    "SufixNo": "ABCD254"
  },
  {
    "SufixNo": "ABCD255"
  },
  {
    "SufixNo": "ABCD256"
  },
  {
    "SufixNo": "ABCD257"
  },
  {
    "SufixNo": "ABCD258"
  },
  {
    "SufixNo": "ABCD259"
  },
  {
    "SufixNo": "ABCD260"
  },
  {
    "SufixNo": "ABCD261"
  },
  {
    "SufixNo": "ABCD262"
  },
  {
    "SufixNo": "ABCD263"
  },
  {
    "SufixNo": "ABCD264"
  },
  {
    "SufixNo": "ABCD265"
  },
  {
    "SufixNo": "ABCD266"
  },
  {
    "SufixNo": "ABCD267"
  },
  {
    "SufixNo": "ABCD268"
  },
  {
    "SufixNo": "ABCD269"
  },
  {
    "SufixNo": "ABCD270"
  },
  {
    "SufixNo": "ABCD271"
  },
  {
    "SufixNo": "ABCD272"
  },
  {
    "SufixNo": "ABCD273"
  },
  {
    "SufixNo": "ABCD274"
  },
  {
    "SufixNo": "ABCD275"
  },
  {
    "SufixNo": "ABCD276"
  },
  {
    "SufixNo": "ABCD277"
  },
  {
    "SufixNo": "ABCD278"
  },
  {
    "SufixNo": "ABCD279"
  },
  {
    "SufixNo": "ABCD280"
  },
  {
    "SufixNo": "ABCD281"
  },
  {
    "SufixNo": "ABCD282"
  },
  {
    "SufixNo": "ABCD283"
  },
  {
    "SufixNo": "ABCD284"
  },
  {
    "SufixNo": "ABCD285"
  },
  {
    "SufixNo": "ABCD286"
  },
  {
    "SufixNo": "ABCD287"
  },
  {
    "SufixNo": "ABCD288"
  },
  {
    "SufixNo": "ABCD289"
  },
  {
    "SufixNo": "ABCD290"
  },
  {
    "SufixNo": "ABCD291"
  },
  {
    "SufixNo": "ABCD292"
  },
  {
    "SufixNo": "ABCD293"
  },
  {
    "SufixNo": "ABCD294"
  },
  {
    "SufixNo": "ABCD295"
  },
  {
    "SufixNo": "ABCD296"
  },
  {
    "SufixNo": "ABCD297"
  },
  {
    "SufixNo": "ABCD298"
  },
  {
    "SufixNo": "ABCD299"
  },
  {
    "SufixNo": "ABCD300"
  },
  {
    "SufixNo": "ABCD301"
  },
  {
    "SufixNo": "ABCD302"
  },
  {
    "SufixNo": "ABCD303"
  },
  {
    "SufixNo": "ABCD304"
  },
  {
    "SufixNo": "ABCD305"
  },
  {
    "SufixNo": "ABCD306"
  },
  {
    "SufixNo": "ABCD307"
  },
  {
    "SufixNo": "ABCD308"
  },
  {
    "SufixNo": "ABCD309"
  },
  {
    "SufixNo": "ABCD310"
  },
  {
    "SufixNo": "ABCD311"
  },
  {
    "SufixNo": "ABCD312"
  },
  {
    "SufixNo": "ABCD313"
  },
  {
    "SufixNo": "ABCD314"
  },
  {
    "SufixNo": "ABCD315"
  },
  {
    "SufixNo": "ABCD316"
  },
  {
    "SufixNo": "ABCD317"
  },
  {
    "SufixNo": "ABCD318"
  },
  {
    "SufixNo": "ABCD319"
  },
  {
    "SufixNo": "ABCD320"
  },
  {
    "SufixNo": "ABCD321"
  },
  {
    "SufixNo": "ABCD322"
  },
  {
    "SufixNo": "ABCD323"
  },
  {
    "SufixNo": "ABCD324"
  },
  {
    "SufixNo": "ABCD325"
  },
  {
    "SufixNo": "ABCD326"
  },
  {
    "SufixNo": "ABCD327"
  },
  {
    "SufixNo": "ABCD328"
  },
  {
    "SufixNo": "ABCD329"
  },
  {
    "SufixNo": "ABCD330"
  },
  {
    "SufixNo": "ABCD331"
  },
  {
    "SufixNo": "ABCD332"
  },
  {
    "SufixNo": "ABCD333"
  },
  {
    "SufixNo": "ABCD334"
  },
  {
    "SufixNo": "ABCD335"
  },
  {
    "SufixNo": "ABCD336"
  },
  {
    "SufixNo": "ABCD337"
  },
  {
    "SufixNo": "ABCD338"
  },
  {
    "SufixNo": "ABCD339"
  },
  {
    "SufixNo": "ABCD340"
  },
  {
    "SufixNo": "ABCD341"
  },
  {
    "SufixNo": "ABCD342"
  },
  {
    "SufixNo": "ABCD343"
  },
  {
    "SufixNo": "ABCD344"
  },
  {
    "SufixNo": "ABCD345"
  },
  {
    "SufixNo": "ABCD346"
  },
  {
    "SufixNo": "ABCD347"
  },
  {
    "SufixNo": "ABCD348"
  },
  {
    "SufixNo": "ABCD349"
  },
  {
    "SufixNo": "ABCD350"
  },
  {
    "SufixNo": "ABCD351"
  },
  {
    "SufixNo": "ABCD352"
  },
  {
    "SufixNo": "ABCD353"
  },
  {
    "SufixNo": "ABCD354"
  },
  {
    "SufixNo": "ABCD355"
  },
  {
    "SufixNo": "ABCD356"
  },
  {
    "SufixNo": "ABCD357"
  },
  {
    "SufixNo": "ABCD358"
  },
  {
    "SufixNo": "ABCD359"
  },
  {
    "SufixNo": "ABCD360"
  },
  {
    "SufixNo": "ABCD361"
  },
  {
    "SufixNo": "ABCD362"
  },
  {
    "SufixNo": "ABCD363"
  },
  {
    "SufixNo": "ABCD364"
  },
  {
    "SufixNo": "ABCD365"
  },
  {
    "SufixNo": "ABCD366"
  },
  {
    "SufixNo": "ABCD367"
  },
  {
    "SufixNo": "ABCD368"
  },
  {
    "SufixNo": "ABCD369"
  },
  {
    "SufixNo": "ABCD370"
  },
  {
    "SufixNo": "ABCD371"
  },
  {
    "SufixNo": "ABCD372"
  },
  {
    "SufixNo": "ABCD373"
  },
  {
    "SufixNo": "ABCD374"
  },
  {
    "SufixNo": "ABCD375"
  },
  {
    "SufixNo": "ABCD376"
  },
  {
    "SufixNo": "ABCD377"
  },
  {
    "SufixNo": "ABCD378"
  },
  {
    "SufixNo": "ABCD379"
  },
  {
    "SufixNo": "ABCD380"
  },
  {
    "SufixNo": "ABCD381"
  },
  {
    "SufixNo": "ABCD382"
  },
  {
    "SufixNo": "ABCD383"
  },
  {
    "SufixNo": "ABCD384"
  },
  {
    "SufixNo": "ABCD385"
  },
  {
    "SufixNo": "ABCD386"
  },
  {
    "SufixNo": "ABCD387"
  },
  {
    "SufixNo": "ABCD388"
  },
  {
    "SufixNo": "ABCD389"
  },
  {
    "SufixNo": "ABCD390"
  },
  {
    "SufixNo": "ABCD391"
  },
  {
    "SufixNo": "ABCD392"
  },
  {
    "SufixNo": "ABCD393"
  },
  {
    "SufixNo": "ABCD394"
  },
  {
    "SufixNo": "ABCD395"
  },
  {
    "SufixNo": "ABCD396"
  },
  {
    "SufixNo": "ABCD397"
  },
  {
    "SufixNo": "ABCD398"
  },
  {
    "SufixNo": "ABCD399"
  },
  {
    "SufixNo": "ABCD400"
  },
  {
    "SufixNo": "ABCD401"
  },
  {
    "SufixNo": "ABCD402"
  },
  {
    "SufixNo": "ABCD403"
  },
  {
    "SufixNo": "ABCD404"
  },
  {
    "SufixNo": "ABCD405"
  },
  {
    "SufixNo": "ABCD406"
  },
  {
    "SufixNo": "ABCD407"
  },
  {
    "SufixNo": "ABCD408"
  },
  {
    "SufixNo": "ABCD409"
  },
  {
    "SufixNo": "ABCD410"
  },
  {
    "SufixNo": "ABCD411"
  },
  {
    "SufixNo": "ABCD412"
  },
  {
    "SufixNo": "ABCD413"
  },
  {
    "SufixNo": "ABCD414"
  },
  {
    "SufixNo": "ABCD415"
  },
  {
    "SufixNo": "ABCD416"
  },
  {
    "SufixNo": "ABCD417"
  },
  {
    "SufixNo": "ABCD418"
  },
  {
    "SufixNo": "ABCD419"
  },
  {
    "SufixNo": "ABCD420"
  },
  {
    "SufixNo": "ABCD421"
  },
  {
    "SufixNo": "ABCD422"
  },
  {
    "SufixNo": "ABCD423"
  },
  {
    "SufixNo": "ABCD424"
  },
  {
    "SufixNo": "ABCD425"
  },
  {
    "SufixNo": "ABCD426"
  },
  {
    "SufixNo": "ABCD427"
  },
  {
    "SufixNo": "ABCD428"
  },
  {
    "SufixNo": "ABCD429"
  },
  {
    "SufixNo": "ABCD430"
  },
  {
    "SufixNo": "ABCD431"
  },
  {
    "SufixNo": "ABCD432"
  },
  {
    "SufixNo": "ABCD433"
  },
  {
    "SufixNo": "ABCD434"
  },
  {
    "SufixNo": "ABCD435"
  },
  {
    "SufixNo": "ABCD436"
  },
  {
    "SufixNo": "ABCD437"
  },
  {
    "SufixNo": "ABCD438"
  },
  {
    "SufixNo": "ABCD439"
  },
  {
    "SufixNo": "ABCD440"
  },
  {
    "SufixNo": "ABCD441"
  },
  {
    "SufixNo": "ABCD442"
  },
  {
    "SufixNo": "ABCD443"
  },
  {
    "SufixNo": "ABCD444"
  },
  {
    "SufixNo": "ABCD445"
  },
  {
    "SufixNo": "ABCD446"
  },
  {
    "SufixNo": "ABCD447"
  },
  {
    "SufixNo": "ABCD448"
  },
  {
    "SufixNo": "ABCD449"
  },
  {
    "SufixNo": "ABCD450"
  },
  {
    "SufixNo": "ABCD451"
  },
  {
    "SufixNo": "ABCD452"
  },
  {
    "SufixNo": "ABCD453"
  },
  {
    "SufixNo": "ABCD454"
  },
  {
    "SufixNo": "ABCD455"
  },
  {
    "SufixNo": "ABCD456"
  },
  {
    "SufixNo": "ABCD457"
  },
  {
    "SufixNo": "ABCD458"
  },
  {
    "SufixNo": "ABCD459"
  },
  {
    "SufixNo": "ABCD460"
  },
  {
    "SufixNo": "ABCD461"
  },
  {
    "SufixNo": "ABCD462"
  },
  {
    "SufixNo": "ABCD463"
  },
  {
    "SufixNo": "ABCD464"
  },
  {
    "SufixNo": "ABCD465"
  },
  {
    "SufixNo": "ABCD466"
  },
  {
    "SufixNo": "ABCD467"
  },
  {
    "SufixNo": "ABCD468"
  },
  {
    "SufixNo": "ABCD469"
  },
  {
    "SufixNo": "ABCD470"
  },
  {
    "SufixNo": "ABCD471"
  },
  {
    "SufixNo": "ABCD472"
  },
  {
    "SufixNo": "ABCD473"
  },
  {
    "SufixNo": "ABCD474"
  },
  {
    "SufixNo": "ABCD475"
  },
  {
    "SufixNo": "ABCD476"
  },
  {
    "SufixNo": "ABCD477"
  }
]